username, created_at, lng, lat, text
EvanWWood, Fri Jan 22 23:53:37 +0000 2021, -82.096405, 39.320384, Donâ€™t worry everyone, Athens is just reenacting the times of 1804. 
ShoemakerMicah, Fri Jan 22 23:53:37 +0000 2021, -97.754724, 30.323346, @atxwxgirl If you donâ€™t appreciate the medio litro I donâ€™t understand you 
mlebischak, Fri Jan 22 23:53:37 +0000 2021, -95.446486, 29.838495, I don't know how to take this. 
akadumbbitch, Fri Jan 22 23:53:38 +0000 2021, -111.858398, 33.639340, @phoenixnewtimes @theWaltBlackman iâ€™ll just kill myself, your move walt 
CanoJairzhino, Fri Jan 22 23:53:38 +0000 2021, -122.419000, 37.779300, This is joe my next 3 weeks gonna look like#noselfiecontrol#Restingmood#stayhome#2021sucksallready#rupaulsdragracesâ€¦ https://t.co/UjHseFcUaX 
PopoutJ_, Fri Jan 22 23:53:38 +0000 2021, -95.446486, 29.838495, if you wake up everyday and itâ€™s some negative shit going on, keep that wayyyy the hell away from me. 
jwashsquared, Fri Jan 22 23:53:38 +0000 2021, -95.446486, 29.838495, @jamaicncreolesd Lmao idk why I always think of Todd Chrissly when I see him 
TheKevinA, Fri Jan 22 23:53:38 +0000 2021, -86.791549, 36.200008, @djkeef ğŸ˜‚ğŸ˜‚ https://t.co/aB47f2om8v 
memosoliss, Fri Jan 22 23:53:38 +0000 2021, -110.908463, 27.901518, #mandil #apron #skull #octopus #pashe #wikedcolors #kraneocustompaint #Guaymas https://t.co/C63Pq1cti0 
IsThatKyra, Fri Jan 22 23:53:38 +0000 2021, -87.732013, 41.833585, I be talking while Iâ€™m writing in my journal like Moesha lmao 
amandaeatsbooks, Fri Jan 22 23:53:38 +0000 2021, -111.897226, 40.654190, @haszombiesinit Iâ€™m excited! Thank you! ğŸ–¤ 
ArmandoBarry6, Fri Jan 22 23:53:38 +0000 2021, -97.152604, 32.579297, 6:34 2Q | @ladywolfbball G Esther Daniels gets to the cup &amp; scores !LHS 15, THS 10@GameOnSportsPro https://t.co/yOPogRLdED 
Ink_not_fading, Fri Jan 22 23:53:38 +0000 2021, -71.103722, 42.395403, @Toucherandrich did you ever notice on the Celtics pregame perk looks like heâ€™s broadcasting from a coffin? 
SharrDonald, Fri Jan 22 23:53:38 +0000 2021, -76.870495, 41.110550, @Ms_Erika74 https://t.co/4ajweMp8zv 
unlinkable_cuda, Fri Jan 22 23:53:38 +0000 2021, -80.846785, 35.209059, @KushLollipops https://t.co/TcVSvTUAu6 
GlennMDickson, Fri Jan 22 23:53:39 +0000 2021, -111.931711, 34.168253, @p2mac @LeaderMcConnell You mean rules should change like, I don't know, making Senator's actually filibuster? 
cooliestillcool, Fri Jan 22 23:53:39 +0000 2021, -118.411907, 34.020789, @Prada_1015 ğŸ˜‚ğŸ˜‚ğŸ”¥ sumn go happen mark my words 
OrleansHumidity, Fri Jan 22 23:53:39 +0000 2021, -90.011008, 29.982601, @carl_arredondo @MargaretOrr https://t.co/aNN5EonRLO 
rmartineau959, Fri Jan 22 23:53:39 +0000 2021, -111.947395, 40.656940, @FPiednoel @ProjectLincoln It was going on long before then. 
CreatedToBHated, Fri Jan 22 23:53:39 +0000 2021, -75.117998, 40.004866, All I want to know is why they painted that fake Vitiligo on TI's face for this movie. It's painted on poorly af ğŸ˜« 
justisjeff69, Fri Jan 22 23:53:39 +0000 2021, -90.597442, 41.537943, @LindseyGrahamSC I won't hold my breath 
dancecheldance, Fri Jan 22 23:53:39 +0000 2021, -122.330602, 47.614817, @abandonedjessi ITS OK I NEED TO GET MY DRIVERS LICENSE SO BAD 
CelebrationBeer, Fri Jan 22 23:53:39 +0000 2021, -73.875900, 41.014200, Drinking a Chocolate Pot De CrÃ¨me (All Canned Dates) by @HubbardsCave @ Climbing Wolf Coffee &amp; Beer â€” https://t.co/oKI66dHNZi 
rnefftax, Fri Jan 22 23:53:39 +0000 2021, -98.123250, 29.705614, â€œDo as I say not as I doâ€ Gavin Newsom  thinks California voters are too stupid to understand the data.  Heâ€™s probaâ€¦ https://t.co/FpgVlg2SXz 
charlierequerme, Fri Jan 22 23:53:39 +0000 2021, -73.948775, 40.655138, https://t.co/ZeNFKEB1U6 
popsoapshop, Fri Jan 22 23:53:39 +0000 2021, -95.386350, 29.770730, Just posted a video @ Urban South HTX https://t.co/n6Dj3bmde7 
Shylabby__, Fri Jan 22 23:53:39 +0000 2021, -157.937057, 21.404041, @BigReezy_ Thank you ğŸ˜Š 
Kalijensina, Fri Jan 22 23:53:40 +0000 2021, -123.120400, 49.281900, Just posted a photo @ Vancouver, British Columbia https://t.co/PCnJQ9Xky8 
britshaniece, Fri Jan 22 23:53:40 +0000 2021, -73.968542, 40.780709, Excuse me??? The second girl was much better. Wtf. 
baleigh_menuey, Fri Jan 22 23:53:40 +0000 2021, -93.611531, 41.732949, https://t.co/4BSBQl8emcDiscounts going on right now! https://t.co/7KhZOt6ZwF 
roylopez808, Fri Jan 22 23:53:40 +0000 2021, -113.673181, 42.618329, Taco Bell ğŸ¤® 
BWLawal, Fri Jan 22 23:53:40 +0000 2021, -95.722085, 29.634805, @busanga He is where? No na he received the new commish of police today na. But that vacuum is why Sunday could do what he did. 
ablackshamrock, Fri Jan 22 23:53:40 +0000 2021, -117.887439, 33.739992, I can relate to this, yet it all balances out. 
daddy_brad27, Fri Jan 22 23:53:40 +0000 2021, -118.156711, 33.809172, ğŸ ğŸğŸğŸğŸ 
learyjen, Fri Jan 22 23:53:40 +0000 2021, -75.264843, 39.869219, You guys! Look what came in the mail - not being able to go out with friends may be starting to take its toll ğŸ˜¹ - Wâ€¦ https://t.co/eGIjgovmeZ 
DeverGorka, Fri Jan 22 23:53:40 +0000 2021, -77.604684, 41.117936, I am glad they have U. You have so much compassion 4 UR  patients. I recall another time when U reached out 4 suppoâ€¦ https://t.co/cNmloIkzfH 
DreaVegas, Fri Jan 22 23:53:40 +0000 2021, -115.133373, 36.249124, @Talk_2_Em_Chris ğŸ˜ https://t.co/Tqvpkdxg2d 
BrittSoMuch, Fri Jan 22 23:53:40 +0000 2021, -82.784096, 27.847071, @BoomStillGotIt That's loaded question but being ğŸ—£ loud and obnoxious and opinionated and calling out people's bullâ€¦ https://t.co/RT8b6riJ0Z 
Yo_Mama39, Fri Jan 22 23:53:40 +0000 2021, -77.353084, 38.684428, @danjlevy OMFG is right?! ğŸ™ğŸ½â¤ï¸ğŸ¥º 
PatrickDailey, Fri Jan 22 23:53:40 +0000 2021, -117.119517, 33.501021, @SDBrandonO As @CalvesForDays just said, heâ€™s in the best shape of his life. ğŸ˜œ 
atticusown, Fri Jan 22 23:53:40 +0000 2021, -80.122619, 26.721896, @AOC @pattonoswalt https://t.co/S2H78wG7VC 
AimeeSchan, Fri Jan 22 23:53:40 +0000 2021, -75.483936, 40.591825, @AP_Oddities I would go for the adventure. lol 
evakecume, Fri Jan 22 23:53:41 +0000 2021, -122.081442, 37.396853, First principle thinking 
Willie_Beamerr, Fri Jan 22 23:53:41 +0000 2021, -91.401008, 30.937336, @samrojas23 Letâ€™s drink 
tuolumnecofire, Fri Jan 22 23:53:41 +0000 2021, -120.260000, 37.995000, Just posted a photo @ Soulsbyville, California https://t.co/Onj7Qu83JW 
CocoaMuscle, Fri Jan 22 23:53:41 +0000 2021, -118.411907, 34.020789, @tmarkq You're just mad because my luck is through the roof! I have no idea how I never landed on all those bankruptcy spots you guys had ğŸ¤£ğŸ˜œ 
playgurldee, Fri Jan 22 23:53:41 +0000 2021, -84.433106, 33.767195, damn ion got shit to wear 
paulinamfdz, Fri Jan 22 23:53:41 +0000 2021, -106.162898, 28.941866, @bettroffeduardo Omg perdÃ³n estaba en la lap y no se veÃ­a asÃ­ 
ManuelFerndez26, Fri Jan 22 23:53:41 +0000 2021, -110.854585, 24.107997, #NowPlaying "FEEL THE BEAT" de Black Eyed Peas, Maluma en @TIDAL https://t.co/tR51c6FJm1 
LindaWilbu, Fri Jan 22 23:53:41 +0000 2021, -119.306608, 37.269176, @Timcast Seems pretty crappy. Fortunately, they are back inside and they will find out, who told them to move to thâ€¦ https://t.co/iBmYPA8THY 
itsbengrape, Fri Jan 22 23:53:41 +0000 2021, -72.667058, 41.926862, Otter and seals are cute as fuck 
karolime__, Fri Jan 22 23:53:41 +0000 2021, -118.411907, 34.020789, @SeanMatsukawa Like thatâ€™s just it , we stuck with this ?! Lmao 
fe4_li, Fri Jan 22 23:53:42 +0000 2021, -118.411907, 34.020789, ğŸ‘‹ğŸ¼ Animals $Cent$, Can Be Smellâ€™D For Miles. by @maroon5 on @PandoraMusic https://t.co/fYNvzov48X https://t.co/36zBxyPh4W 
J_W_O_17, Fri Jan 22 23:53:42 +0000 2021, -100.076888, 31.168893, @JAParker1967 Heâ€™ll be doing concerts on my island lol 
dumb_gemini, Fri Jan 22 23:53:42 +0000 2021, -73.948775, 40.655138, lil scoliosis 
p_strom25, Fri Jan 22 23:53:42 +0000 2021, -87.732013, 41.833585, @EBobroske those smiles &amp; this message â£ï¸ 
Stephbuen_, Fri Jan 22 23:53:42 +0000 2021, -122.228685, 37.791994, Lmaoo 
oldmanliver, Fri Jan 22 23:53:42 +0000 2021, -81.571184, 28.605604, @BonJS0370 @Saline_tRick @HondoResists @Tonia8675309 @TJNugent520 @ThomONeil1 @BlueTsuni @Scootrbum @keriRNâ€¦ https://t.co/i1AgLF8LgG 
IllDoPeYOu, Fri Jan 22 23:53:42 +0000 2021, -98.540651, 29.417501, I miss the strip ...el ojo need me 
rosybeth5, Fri Jan 22 23:53:42 +0000 2021, -77.438513, 38.841163, @Anlikerinfante ğŸ‘ğŸ‘ŒğŸ‘Œ 
elVayuco, Fri Jan 22 23:53:42 +0000 2021, -100.076888, 31.168893, @KaitiBlake @KaitiBlake this is some well deserved weekend weather.May have a safe and blessed weekend. https://t.co/AczfkLUsff 
HairyRihanna, Fri Jan 22 23:53:42 +0000 2021, -83.963842, 35.982470, 6/10. 
MarielSoloTuTam, Fri Jan 22 23:53:42 +0000 2021, -97.547392, 25.558993, @LOS40PueblaFM @_CarlosRivera TodosssssğŸ’™ #CarlosRivera #ClubSolotu #SedeTamps ğŸ’™ 
reformedphilipm, Fri Jan 22 23:53:42 +0000 2021, -82.489600, 35.015500, Drinking a Swiss Bliss  by @eqbrewery @ The Moses Glenn â€” https://t.co/skl9fhfPIy 
TheN1James, Fri Jan 22 23:53:43 +0000 2021, -93.666378, 32.524673, Just finished #WandaVision ep3..No spoilers... but I want to like this show... I'm not sure I do? 
mitchellcook13, Fri Jan 22 23:53:43 +0000 2021, -82.985772, 39.994684, @robdyrdek Legends 
justx4xfunx, Fri Jan 22 23:53:43 +0000 2021, -106.417430, 31.793368, ğŸ¥°ğŸ¥°ğŸ¥° I need some love #gay #twink #gayboy https://t.co/tzLSMl99Eb 
PaulBanecks, Fri Jan 22 23:53:43 +0000 2021, -105.072231, 39.947249, @CharlesPHerring @OANN Ok by chyna mitch 
philisophian1, Fri Jan 22 23:53:43 +0000 2021, -75.117998, 40.004866, @W4RSAME @Leachim47 @stephenasmith Itâ€™s funny because you fail to see why Iâ€™m comparing kyrieâ€™s unprofessionalism tâ€¦ https://t.co/Y6ViqqI6s4 
YoungChiefCapo1, Fri Jan 22 23:53:43 +0000 2021, -119.317791, 36.624142, "V$V Rambo Boyz" merch dropping afterallâ—ğŸ¦ğŸ–¤ğŸŒª #Orangecovebizz #cincocinconueve ğŸ“²ğŸ“²tap in 
kweenshayla, Fri Jan 22 23:53:43 +0000 2021, -84.433106, 33.767195, Iâ€™m so serious. Donâ€™t just randomly FaceTime me like that ğŸ˜’ 
kwilliams44, Fri Jan 22 23:53:43 +0000 2021, -77.427536, 43.000058, @PrimetimeBall_ @Abakergreen @PFBPanthers @smittyMD20 @CoachLian8 @VictorFootballB @BataviaDNSports .â€¦ https://t.co/ICz17YCU36 
_xoxosuave, Fri Jan 22 23:53:43 +0000 2021, -80.149173, 26.150368, it sucks ass but thatâ€™s life ğŸ˜­ 
WoodyChandler, Fri Jan 22 23:53:43 +0000 2021, -76.311600, 40.047600, IPNA FOURTH badge appears?!? I'm in! - Drinking an IPNA by @lagunitasbeer @ Chez  Woody  â€” https://t.co/McyJ4kF54j 
arkfredo_roga, Fri Jan 22 23:53:43 +0000 2021, -107.418726, 24.825138, Pues mariscos los Olivos serÃ¡!.. ğŸ˜ 
Saucepapitho_, Fri Jan 22 23:53:43 +0000 2021, -95.446486, 29.838495, Ion believe in signs , I believe you are who you are and it ainâ€™t no study that can define me straight up ! 
49ersCryssy, Fri Jan 22 23:53:43 +0000 2021, -123.123581, 49.257639, iâ€™m eating gummies &amp; enhancing my madden 2021 skills by playing the training mode. watch tf out. 
_matthewanthony, Fri Jan 22 23:53:43 +0000 2021, -118.411907, 34.020789, @DJSILVAOFFICIAL @wenzdaymusic @FutureFactoryHQ @dash_radio @JordanCapozzi_ @feelmybicep @Ekonovah @noisesintlâ€¦ https://t.co/xzAR4T5rlt 
LicRAFATONA, Fri Jan 22 23:53:43 +0000 2021, -102.558037, 23.625418, @An_AMLO @RanferiDe @Salvado95462163 @eccehomo777 @TeresitaMolin13 @enry001 @FilipoOcadiz @MARTHAZAMORAMARâ€¦ https://t.co/kAq0qAbZie 
CM_AD1, Fri Jan 22 23:53:43 +0000 2021, -77.856798, 42.976702, Bernie couldnâ€™t BE more excited! @CalMum_Raiders @CalMumHoops @CalMumHS @SecVAthletics https://t.co/mZYv6UKIb7 
CoachKemp, Fri Jan 22 23:53:44 +0000 2021, -80.345263, 27.300765, @GageBrownFCA @TCoastBaseball Anytime always here for you brother! ğŸ’ªğŸ™ 
BustDwnLambiana, Fri Jan 22 23:53:44 +0000 2021, -83.376154, 42.223742, Boy donâ€™t complain when I flip the script on you ğŸ˜‰ 
DaddySinFLA, Fri Jan 22 23:53:44 +0000 2021, -81.367773, 28.501678, @LexiLewd The prettiest Princess 
GOSU49, Fri Jan 22 23:53:44 +0000 2021, -118.876498, 34.283083, @DonaldJTrumpJr Iâ€™m sure it needs the business. 
MartinRanger8, Fri Jan 22 23:53:44 +0000 2021, -121.979527, 37.523645, @DonaldJTrumpJr You should layoff the powder ğŸ‘€ 
DG_Adam_, Fri Jan 22 23:53:44 +0000 2021, -117.881969, 34.087543, SCREAMING ğŸ˜‚ 
awesternrescue, Fri Jan 22 23:53:44 +0000 2021, -81.112426, 40.917659, @sarcasmlemons At the moment in wip https://t.co/nYG13mlro8 
FNDungeonMom, Fri Jan 22 23:53:44 +0000 2021, -104.724865, 38.749673, This is also me ... ğŸ‘€ 
RealNeelSheth, Fri Jan 22 23:53:44 +0000 2021, -80.594768, 34.261688, @DonaldJTrumpJr Why, oh why, is it such a common feature of the Trumpers, including the Trumps themselves, not to uâ€¦ https://t.co/BSJkOKGSzR 
Mirian092020, Fri Jan 22 23:53:44 +0000 2021, -73.412972, 41.568145, @clinaliciaare @DavidSantiagoSV Dios me la bendiga siempre y creame que recuerdo muy bien cuando nos hicimos " cherâ€¦ https://t.co/cPuRK8H3QU 
2SpooksBrewing, Fri Jan 22 23:53:44 +0000 2021, -82.491500, 27.913500, Sticky sweet and still good - Drinking a Stickee Monkee (2015) by @FirestoneWalker @ Two Spooks Brewery &amp; Swim Clubâ€¦ https://t.co/yPQmMhjgDW 
laughlovelive12, Fri Jan 22 23:53:44 +0000 2021, -74.066663, 40.718001, Dead! ğŸ˜‚ğŸ˜‚ğŸ˜‚ 
mirrorwade, Fri Jan 22 23:53:44 +0000 2021, -87.967292, 43.056722, people in america need to realize just because you can doesnâ€™t mean you should. your travel plans arenâ€™t worth it. 
helplol__, Fri Jan 22 23:53:45 +0000 2021, -71.005360, 42.203364, @depressionne Jenna,Please read the article below.  I hope it explains things (have not read it myself)â€¦ https://t.co/po3uJF1I6c 
_KyleRhodes, Fri Jan 22 23:53:45 +0000 2021, -73.977717, 40.705597, Drinks on me tonight https://t.co/n8vy7jguRU 
tschyna10, Fri Jan 22 23:53:45 +0000 2021, -115.135165, 36.060964, Come On Baby Letâ€™s Play https://t.co/VFCebQITZO https://t.co/nlARYNpts4 
ZODIAC_MF, Fri Jan 22 23:53:45 +0000 2021, -83.099288, 42.352787, HIS *INCREDIBLE* SPEECH HAHAHAHA. THEY KEEP SAYING THINGS LIKE THIS! https://t.co/xs5adjVIc7 
Paco85, Fri Jan 22 23:53:45 +0000 2021, -122.630908, 45.536402, #THIS right here...... ğŸ˜¶ 
JasmineInfiniti, Fri Jan 22 23:53:45 +0000 2021, -73.948775, 40.655138, @RunnerIsHere Lol 
beezer0830, Fri Jan 22 23:53:46 +0000 2021, -72.993891, 41.229021, @OrdioMongo He was a fool. Had potential..but never got there. Sorry for the loss...back after this. 
atticusown, Fri Jan 22 23:53:46 +0000 2021, -80.122619, 26.721896, @AOC @pattonoswalt https://t.co/ZBhHZgsqBs 
so_sarahcastic, Fri Jan 22 23:53:46 +0000 2021, -83.173867, 32.678207, @SayJones18 ahhhh that makes much more sense 
tmj_WAR_LABOR, Fri Jan 22 23:53:46 +0000 2021, -119.100566, 46.239579, Want to work at Dollar Tree? We're hiring in #Pasco, WA! Click the link in our bio for details on this job and more: Stockers #Labor 
ConstanceJackso, Fri Jan 22 23:53:46 +0000 2021, -96.761753, 32.819858, https://t.co/IMqEKwPWTj 
tentwentysixpm, Fri Jan 22 23:53:46 +0000 2021, -118.411907, 34.020789, AN ICON 
AmyPastewart2, Fri Jan 22 23:53:46 +0000 2021, -76.416278, 38.353420, @nzubriski @SebGorka This is BS! We needed the troops over the summer when BLM &amp; ANTIFA were burning down cities. Nâ€¦ https://t.co/K68yToI0lO 
tmj_dfw_it, Fri Jan 22 23:53:46 +0000 2021, -96.948894, 32.814018, U.S. Bank is hiring in #Irving, TX! Read about our latest #IT job opening via the link in our bio: Senior Softwareâ€¦ https://t.co/jeqYgPfoxD 
TheMarianAlmeid, Fri Jan 22 23:53:46 +0000 2021, -73.199118, 41.185674, Simples,NÃ£o quer minha opiniÃ£o, nÃ£o pede ou insinua que queira. 
benwbear, Fri Jan 22 23:53:47 +0000 2021, -122.228685, 37.791994, If my friends are any indication, the quarantine boomers are the new baby boomers. 
kickitoldschool, Fri Jan 22 23:53:47 +0000 2021, -73.968542, 40.780709, @thekjohnston Word! ğŸ“­ 
Nicki_07, Fri Jan 22 23:53:47 +0000 2021, -83.085228, 40.177547, ğŸ™ŒğŸ»ğŸ™ŒğŸ»ğŸ™ŒğŸ»ğŸ™ŒğŸ»ğŸ™ŒğŸ»ğŸ™ŒğŸ» finally here! Welcome home Kyle! 
LeDouxUSA, Fri Jan 22 23:53:47 +0000 2021, -76.488585, 39.264492, So much for Democratic "Russia Hawks".  https://t.co/JJ9VcnlIlM 
pittman_nairobi, Fri Jan 22 23:53:47 +0000 2021, -115.290470, 36.233074, Here's my plays for today @JTFOz @actionjaxson100 @JTMoneyCaps @JayMoneyIsMoney @bobano @SacTownKingCA @pickzillasâ€¦ https://t.co/u36a4h5DYz 
brenner_colleen, Fri Jan 22 23:53:47 +0000 2021, -114.584753, 32.668218, Governorâ€™s withdraw your  #NationalGuard  #Biden is ridiculing mocking and humiliating them - #Biden is impeachingâ€¦ https://t.co/2Y3i7t4Tj5 
kkw1966, Fri Jan 22 23:53:48 +0000 2021, -117.104989, 32.810012, @GOPChairwoman I donâ€™t think this type of tweet is helping things...just my opinion. 
mattprieur, Fri Jan 22 23:53:47 +0000 2021, -83.015352, 40.168362, #GameDay - The Office for the Night TONIGHT (Friday, January 22nd) @ColumbusMavsHky VS Lake Erie Bighorns fromâ€¦ https://t.co/GO8XoJQwN2 
CRBrowni3, Fri Jan 22 23:53:48 +0000 2021, -110.044783, 46.679800, Goodbye Xbox 
omgemily313, Fri Jan 22 23:53:48 +0000 2021, -88.117318, 41.410598, Im trying to go get some drinks &amp; wings. Iâ€™m tired of staying home 
Eugene1172, Fri Jan 22 23:53:48 +0000 2021, -83.173867, 32.678207, @triple_moonbow Youtube https://t.co/giWgKV8BbF https://t.co/CXcTqB0TXD 
rafaliou, Fri Jan 22 23:53:48 +0000 2021, -118.411907, 34.020789, @dea_santana Eu entendi existir Faria Limers pq combina com o conceito hahaha! Mas Nordesters Ã© paradoxal! 
jasonray2020, Fri Jan 22 23:53:48 +0000 2021, -71.812438, 42.275760, J@SON R@Y - Rockin Your Body Is Now Available To Listen &amp; Download On Apple Music. https://t.co/bHc881WzJF 
MaiaLanai, Fri Jan 22 23:53:48 +0000 2021, -92.061177, 30.206079, Okay kellyyyy 
TioSamSays, Fri Jan 22 23:53:48 +0000 2021, -80.440832, 25.758298, @SeayonceKnows They claim Syria. Obama messed up in Syria- but it wasnâ€™t by bombing the genocidal assholes and terrorists. 
robyclic, Fri Jan 22 23:53:48 +0000 2021, -73.879378, 45.649611, Y'a de l'amour et de la joie dans l'air...ğŸ˜˜ğŸ’#chien #joie #amour #fujifilm_northamerica #fujifilm_xseriesâ€¦ https://t.co/J9YJRYx9UC 
ReiterG, Fri Jan 22 23:53:48 +0000 2021, -86.142922, 39.779562, All the moments where you realize the grandkids have inherited your DNA. No.1 Lame hide and seek game Thread: https://t.co/KeK2hTT7DN 
amberr_wilkk20, Fri Jan 22 23:53:48 +0000 2021, -81.350435, 41.160251, I need more friends 
larisimilitude, Fri Jan 22 23:53:49 +0000 2021, -96.761753, 32.819858, With online teaching, thereâ€™s always a point in the semester when my actual PhD becomes more relevant than the decaâ€¦ https://t.co/bC2qrp0Z4Z 
tmj_las_health, Fri Jan 22 23:53:49 +0000 2021, -115.313391, 36.178011, We #CareDeeply about YOU! Our wellness and employee assistance programs are just some of the ways The Heights of Suâ€¦ https://t.co/arBnMAgZ7l 
iam_tajahh, Fri Jan 22 23:53:49 +0000 2021, -83.173867, 32.678207, Girl* 
MekiaLong, Fri Jan 22 23:53:49 +0000 2021, -92.436774, 38.304558, Well itâ€™s officially fuck everybody. Fuck family and all going MIA no social media no phone or nothing âœŒï¸ 
tmj_ma_adv, Fri Jan 22 23:53:49 +0000 2021, -71.058880, 42.360082, Nervous to apply for a job like "Sr. Product Manager, Asymptomatic Testing Solutions" at Thermo Fisher Scientific?â€¦ https://t.co/24hWknXooE 
totalteenbean, Fri Jan 22 23:53:49 +0000 2021, -84.433106, 33.767195, Alright these people are tryna tell me I look like Queen @halsey ... what yâ€™all think ??? https://t.co/UdxKzEXprS 
mathers_georgia, Fri Jan 22 23:53:49 +0000 2021, -119.827182, 39.512436, Mom just got first Pfizer Covid vaccine. Second dose in three weeks. Over the moon for her. Iâ€™m not eligible yet but will take asap. 
awesternrescue, Fri Jan 22 23:53:49 +0000 2021, -81.112426, 40.917659, @MaroftheBooks @sarcasmlemons Haha 
guardia72014383, Fri Jan 22 23:53:49 +0000 2021, -94.377590, 44.883311, @kylegriffin1 @MSNBC Follow the money ğŸ’° it will lead to the ring leadership 
ravenreyes17, Fri Jan 22 23:53:49 +0000 2021, -100.076888, 31.168893, niggas be likin bitches pictures with they ass all out n shii but den when you do it they mad asdf , baby im doin what shii you be likin ğŸ¥±ğŸ¥± 
tiyahnaaaaa, Fri Jan 22 23:53:49 +0000 2021, -84.433106, 33.767195, @bossmaynelaiyah ğŸ˜‚ 
planspark, Fri Jan 22 23:53:49 +0000 2021, -121.865874, 37.266818, I'm at Trinethra Indian Supermarket in San Jose, CA https://t.co/CxVNymvrLr 
LettyCarrillo_, Fri Jan 22 23:53:49 +0000 2021, -73.595206, 40.786978, @Fernando__14 Que la vida es una rueda que da mil vueltas al final nada queda ğŸ¤— 
bubbaprog, Fri Jan 22 23:53:49 +0000 2021, -82.442694, 27.996595, @Not_Pedro_ Right imagine what I do is a gigantic TiVo 
realh0rrorshow, Fri Jan 22 23:53:49 +0000 2021, -71.594073, 42.393067, ğŸ”¥ ğŸ”¥ @teasebysamijo continues to blow my mind with her insane talent. Thank you so much for restoring my inner Pennyâ€¦ https://t.co/T8pcoZOfmY 
Isaachimmelman, Fri Jan 22 23:53:49 +0000 2021, -73.948775, 40.655138, Father + son book club 2021. 
BigBootyJudyDD, Fri Jan 22 23:53:49 +0000 2021, -158.026022, 21.362712, @ShesAllMatt Dem gutters tho ğŸ˜³ğŸ˜œğŸ˜ğŸ˜‰ 
Angelinoo, Fri Jan 22 23:53:49 +0000 2021, -78.657837, 35.843981, @DoctorJonPaul ğŸ˜‚ğŸ˜‚ğŸ˜‚ 
tmj_sat_transp, Fri Jan 22 23:53:49 +0000 2021, -98.493628, 29.424122, Fresenius Medical Care is looking for teammates like you. See our latest #Transportation job openings, including "Dâ€¦ https://t.co/7JrarskQgj 
shawn_anand, Fri Jan 22 23:53:49 +0000 2021, -88.151832, 42.072284, @DonaldJTrumpJr What we now have to worry about and this goes for every American that voted for @JoeBiden, which waâ€¦ https://t.co/YEmrvrsNtc 
MrDomagalski, Fri Jan 22 23:53:49 +0000 2021, -82.496676, 42.832605, Thanks to https://t.co/qXwbvLnYp0 (Everything Blue Water TV) for spotlighting our Chili-Heart Virtual 5K run / 2milâ€¦ https://t.co/dUOnZAQOkf 
reesesavoie, Fri Jan 22 23:53:50 +0000 2021, -117.104989, 32.810012, @Heather_Barette @ambersalass @KyleBBetz @devinwhatley @atolent2 @TheDanGuerrero @dantalkssports @jennaameyerâ€¦ https://t.co/1BR2FM17Gx 
kari_c00per, Fri Jan 22 23:53:50 +0000 2021, -94.885179, 47.486299, @tbobrowsky Sorry, just got excited! 
LaneCareers, Fri Jan 22 23:53:50 +0000 2021, -117.650888, 34.063344, See our latest #Ontario, CA job and click to apply: Construction Manager - https://t.co/qE0Y9p3xFJ #ConstructionJobs 
Kortni_Renee_96, Fri Jan 22 23:53:50 +0000 2021, -83.804475, 27.698682, @Pswag10 Iâ€™d learn for you ğŸ˜ 
zether, Fri Jan 22 23:53:50 +0000 2021, -77.587500, 39.968600, When you forgot to buy #crackers but your #grandson left you #goldfishies @ Scotland, Pennsylvania https://t.co/4YWuq1uQi8 
NeymaGallaga, Fri Jan 22 23:53:50 +0000 2021, -100.168717, 25.778679, Que pena, me puse un short con las piernas todas peludas como hombre lobo jajaja se que no deberÃ­a darme pena que eâ€¦ https://t.co/wFVcOj7Ado 
Joyman007, Fri Jan 22 23:53:50 +0000 2021, -74.006400, 40.714200, @iamcardib showing off her vocal Game and also WTF is u wearing #cardi ğŸ˜‚ğŸ˜‚ğŸ˜‚ğŸ‘¸ğŸ¾ğŸ¤·ğŸ¾ğŸ¤·ğŸ¾ğŸ¤·ğŸ¾ğŸ¤·ğŸ¾âœ…ğŸ˜…ğŸ˜…#dailyhappeningz #offsetâ€¦ https://t.co/GFXHdHX6fc 
TechTeacherMorg, Fri Jan 22 23:53:50 +0000 2021, -95.508925, 29.574284, @thehomeedit A nooks and crannies episode. #junkdrawers Under the bed storage organization? Kids hair supply. #BlackGirlMagic 
test5geo1798, Fri Jan 22 23:53:50 +0000 2021, -122.398720, 37.781157, TEST_LAT/LON: 3e40a2eb-96b8-43c7-ac22-ff81db7594ff 
holmesrip2, Fri Jan 22 23:53:50 +0000 2021, -80.271087, 25.699448, @glennkirschner2 @eliehonig @FrankFigliuzzi1 @AriMelber @NicolleDWallace @ejeancarroll @LysandraO @MichaelCohen212â€¦ https://t.co/KKjmzAmDIz 
tmj_RAM_auto, Fri Jan 22 23:53:50 +0000 2021, -74.194728, 40.789039, Can you recommend anyone for this job? Automotive Service Technician - https://t.co/4MNnEy8guo #Automotive #Bloomfield, NJ 
shemarfrederick, Fri Jan 22 23:53:50 +0000 2021, -84.352444, 33.943457, @HarIemagne https://t.co/ExgPGolbuA 
KingInATL, Fri Jan 22 23:53:50 +0000 2021, -84.433106, 33.767195, Wassup ATL who trying link ğŸ˜ˆğŸ˜ˆ 
barowsky_scott, Fri Jan 22 23:53:51 +0000 2021, -100.076888, 31.168893, @MWNN_329 Just crazy that adults don't realize the impact they are having on our children. 
Gregory99902922, Fri Jan 22 23:53:50 +0000 2021, -95.446486, 29.838495, @TheJML9999 @NatePhagret ğŸ˜ğŸ˜ğŸ˜ğŸ˜ğŸ˜†ğŸ˜†ğŸ¤£ğŸ¤£ğŸ˜‚ğŸ˜‚ğŸ˜‚ https://t.co/dH0nie3ATG 
Ericdane81, Fri Jan 22 23:53:51 +0000 2021, -80.263517, 26.124507, ğŸ˜¯ https://t.co/FW0YeSbNW5 
myaalexander12, Fri Jan 22 23:53:51 +0000 2021, -117.104989, 32.810012, @alonzolerone I died. The whole video. 
FoolieJiGG, Fri Jan 22 23:53:51 +0000 2021, -79.861034, 35.170499, Noooo ğŸ˜‚ğŸ˜‚ğŸ˜‚ğŸ˜‚ğŸ˜‚ 
_jeylinn, Fri Jan 22 23:53:51 +0000 2021, -100.076888, 31.168893, should i get up and go to the gym after hw or sleep? 
wildbinks, Fri Jan 22 23:53:51 +0000 2021, -72.451172, 43.871757, Except for the civil war he tried to incite ğŸ˜‚ğŸ˜‚ 
csbutcher7696, Fri Jan 22 23:53:51 +0000 2021, -94.279122, 39.014860, @emceereach Solid 8 
knorthro, Fri Jan 22 23:53:52 +0000 2021, -122.435979, 37.770657, @DonaldJTrumpJr People who incite riots get banned. You need to detox 
osman_tagreed, Fri Jan 22 23:53:52 +0000 2021, -79.272570, 43.629311, ÙÙŠ Ø­Ø§Ø¬Ø© Ø§Ø³Ù…Ù‡Ø§ Ø§Ù„Ø£Ø±Ø²Ø§Ù‚ Ø§Ù„Ù…Ù†Ø³ÙŠØ© ..Ø²ÙŠ Ø³ÙƒÙŠÙ†Ø© Ø§Ù„Ø±ÙÙˆØ­ØŒ ÙˆØµØ­Ø© Ø§Ù„Ø¬Ø³Ø¯ØŒ Ø¯Ø¹ÙˆØ© Ø§Ù„ÙˆØ§Ù„Ø¯ÙŠÙ†ØŒ ÙˆÙ„Ù‚Ø§Ø¡ Ù…ÙØ­Ø¨ØŒ ÙˆØ¬ÙˆØ¯ Ø£Ø®ØŒ ÙˆØ¶Ø­ÙƒØ© Ø·ÙÙ„ ØŒ ØµØ¯ÙŠÙ‚â€¦ https://t.co/VMZoC0W4j9 
Noah_Walden, Fri Jan 22 23:53:52 +0000 2021, -120.583402, 44.145437, @FBTpod @middlebrooks @DannyVietti @bcraw35 I almost turned it off when Will started in about how he couldnâ€™t waitâ€¦ https://t.co/xmI37pNdhE 
JustShutUpYall, Fri Jan 22 23:53:52 +0000 2021, -98.540651, 29.417501, @corsetgf @sirenayasminxo Literally that 
wcmcghee2, Fri Jan 22 23:53:52 +0000 2021, -76.913544, 38.634628, @DerenicByrd @nu1wcf Another false comparison! 
Mariocar48, Fri Jan 22 23:53:52 +0000 2021, -121.469664, 38.561722, $auph halted ğŸ‘€ PR coming 
LostAnarchy, Fri Jan 22 23:53:52 +0000 2021, -115.149000, 36.167500, Just posted a photo @ Las Vegas, Nevada https://t.co/HQpQjIQ2OT 
TheRevYouKnow, Fri Jan 22 23:53:52 +0000 2021, -81.367773, 28.501678, Proud of this guy. 
GordPatrick, Fri Jan 22 23:53:52 +0000 2021, -123.120400, 49.281900, Just posted a video @ Vancouver, British Columbia https://t.co/GEtu6aF7NE 
danielcvanbree, Fri Jan 22 23:53:52 +0000 2021, -74.168241, 40.448147, @_Baileaf_ I'll send some taco bell 
Jesspolished, Fri Jan 22 23:53:52 +0000 2021, -118.411907, 34.020789, @welpimback1 @alove_1980 I never like to see anyone get hurt. That really does suck. Except Brady.... but I digress. ğŸ™‚ 
bigbreetingx, Fri Jan 22 23:53:53 +0000 2021, -96.785531, 32.604786, Now to light this after work blunt ğŸ™ŒğŸ¾ 
jac_KIEYOURCAR, Fri Jan 22 23:53:53 +0000 2021, -96.053431, 41.275721, You donâ€™t even know, this is my ultimate dream line up. 
noahdyenotdie, Fri Jan 22 23:53:53 +0000 2021, -82.439835, 38.407664, If my mom sends one more Bernie sitting down meme to the family group Iâ€™m leaving 
LibbyBlog, Fri Jan 22 23:53:53 +0000 2021, -82.442694, 27.996595, @AnandWrites @kthorjensen ğŸ˜‚ğŸ˜‚ 
majolie764, Fri Jan 22 23:53:53 +0000 2021, -120.882482, 47.273022, @lurie_john @YrOnlyHope I am very much looking forward to this series, John. Thank you. 
SpurrFM, Fri Jan 22 23:53:53 +0000 2021, -87.533406, 33.196601, Now, imagine DeVonta Smith on the other end of this pass... a lot of doubters will be silenced when Tua gets his weâ€¦ https://t.co/3PfdEVcltM 
tanyalh7, Fri Jan 22 23:53:53 +0000 2021, -96.544443, 32.924258, @RHSJacketBacker TY Southwest Kia Rockwall!! 
joedowling_MS, Fri Jan 22 23:53:53 +0000 2021, -75.228383, 40.186814, #Dignity 
NsWRLD1, Fri Jan 22 23:53:53 +0000 2021, -86.636410, 30.447682, stole @savyworldddddd â€˜s cover sorry girl i needed a cover photo ğŸ˜­ dont hate me 
BeisbolBrenden, Fri Jan 22 23:53:53 +0000 2021, -104.922093, 39.713563, Things are very quiet. Passan needs to drop Joc to the Royals right now. 
Coach__Boomer, Fri Jan 22 23:53:53 +0000 2021, -90.011008, 29.982601, @LowkeyDee1k @QBMechanix @NXTTraining7 @ABXperformance 
305NewsStringer, Fri Jan 22 23:53:54 +0000 2021, -80.132200, 26.174100, Just posted a photo @ Oakland Park, Florida https://t.co/l5HV3dmarD 
sommertime1981, Fri Jan 22 23:53:53 +0000 2021, -80.926628, 33.631140, @antidarkforces https://t.co/6Av8ZI6DzS 
KirkWise, Fri Jan 22 23:53:54 +0000 2021, -93.662633, 44.934613, I feel like I must be the last person on earth that just found out @Burnzie88 plays a character on the TV show Vikings. 
PNav57, Fri Jan 22 23:53:54 +0000 2021, -95.446486, 29.838495, @RoundRockTim Iâ€™m just saying itâ€™s a slippery slope and itâ€™s hard to judge a personâ€™s entire playing career vs offâ€¦ https://t.co/RU2uhZqTrz 
lunaxkidd, Fri Jan 22 23:53:53 +0000 2021, -97.753840, 31.079307, Screaming Happy Birthday to the greatest. I love you forever even miles and miles apart. This year is a year of groâ€¦ https://t.co/FQsll0KqXq 
Xavian24, Fri Jan 22 23:53:54 +0000 2021, -75.770041, 42.746617, Decided to pay my brother a visit today, but since I didnâ€™t call in advance I have to wait till heâ€™s done tattooingâ€¦ https://t.co/S59vfl0uiK 
kennybor24, Fri Jan 22 23:53:54 +0000 2021, -100.076888, 31.168893, Pay attention to this kid!! 
TLowther6, Fri Jan 22 23:53:54 +0000 2021, -81.350435, 41.160251, @1Pridemore Sure is I told them you wanted your shit when I picked mine up 
juleslynch1941, Fri Jan 22 23:53:54 +0000 2021, -121.300425, 37.980826, @GavinNewsom Where in San Joaquin County can I get a vaccination ? 
cten_hue, Fri Jan 22 23:53:54 +0000 2021, -76.983118, 38.861965, @SlackHQ 
RonDaaaadon, Fri Jan 22 23:53:54 +0000 2021, -92.101762, 30.528600, Mood 
wavy_gloo, Fri Jan 22 23:53:54 +0000 2021, -95.990175, 30.083158, Dolph dropped the deluxe ğŸ¤© 
Strick9D, Fri Jan 22 23:53:55 +0000 2021, -92.436774, 38.304558, @gretakristine No shame in my game pimp. 
LSeabrookWFTV, Fri Jan 22 23:53:55 +0000 2021, -81.367773, 28.501678, @FeistyOldHag Yes at the convention center. 
ortzxi_, Fri Jan 22 23:53:55 +0000 2021, -97.753840, 31.079307, ğŸ˜©ğŸ˜©ğŸ˜© 
Paola_flores114, Fri Jan 22 23:53:55 +0000 2021, -111.498181, 28.969863, Solo pido que estÃ¡ ves todo conspire a mi favor ğŸ™ 
storm_wx, Fri Jan 22 23:53:55 +0000 2021, -85.598011, 42.946737, @RaidenHusky ğŸ˜‡ 
GANJAGABES, Fri Jan 22 23:53:55 +0000 2021, -97.754724, 30.323346, omg guys i havenâ€™t had my parents sign my syllabus yet ğŸ˜– 
laurthib, Fri Jan 22 23:53:55 +0000 2021, -83.804475, 27.698682, ğŸš™ https://t.co/ILQOolqD0W 
1percnowitzki, Fri Jan 22 23:53:56 +0000 2021, -82.985772, 39.994684, Any bird man verse lol 
MaryMbeal1fan, Fri Jan 22 23:53:56 +0000 2021, -112.267873, 34.544869, Joe and Jill went to the Hill to save a failing country. Joe rose up and found his groove, and Jill loyally stood bâ€¦ https://t.co/Tpq9OtPVX7 
stevecoutts11, Fri Jan 22 23:53:56 +0000 2021, -111.731193, 32.925569, Iâ€™m quite sure Iâ€™m not the first to come up with this, but yet, I persist. New name for trumps party. Retrumplicrit party. New logo?ğŸ¥ˆğŸ€ 
jeffAndersonUSN, Fri Jan 22 23:53:56 +0000 2021, -76.778020, 40.905886, @ananavarro @jaketapper You have an accent, @ananavarro? 
roddyetwit, Fri Jan 22 23:53:56 +0000 2021, -118.248063, 33.839612, @VickyKramer16 ğŸ™ğŸ¾ğŸ™ğŸ¾ğŸ™ğŸ¾ğŸ™ğŸ¾ğŸ™ğŸ¾ğŸ™ğŸ¾ğŸ™ğŸ¾ğŸ™ğŸ¾ğŸ™ğŸ¾ğŸ™ğŸ¾ 
fuckblarksville, Fri Jan 22 23:53:56 +0000 2021, -87.322169, 36.550984, getting fried off roaches bc i have no gars ğŸ¤ ğŸ‘ğŸ¾ 
EvelynsTooReal, Fri Jan 22 23:53:56 +0000 2021, -95.446486, 29.838495, I just found a beautiful tattoo inspiration ğŸ¥º 
444luvr, Fri Jan 22 23:53:56 +0000 2021, -77.090869, 38.817380, faygowickkannaksummrs 
__jaliyah, Fri Jan 22 23:53:57 +0000 2021, -87.890767, 31.517456, love drinking w my man, we have so much fun ğŸ¤£ğŸ¤£ 
hobaird, Fri Jan 22 23:53:57 +0000 2021, -96.053431, 41.275721, @enlaycock https://t.co/YKds2tsOTs 
r_aveille, Fri Jan 22 23:53:56 +0000 2021, -73.948775, 40.655138, https://t.co/S0VqPtXrmq 
johnblair66, Fri Jan 22 23:53:57 +0000 2021, -110.044783, 46.679800, @catturd2 #waytogojoe 
ImmaBoyGenius, Fri Jan 22 23:53:57 +0000 2021, -77.014398, 38.898603, Texting on this max is so much easier 
tmj_den_nursing, Fri Jan 22 23:53:57 +0000 2021, -105.096661, 39.668251, Stop staring at the clock every day. It's time for a new career. Follow us to view jobs with titles like "Licensedâ€¦ https://t.co/qrLVDB5u32 
vanenextdoor, Fri Jan 22 23:53:57 +0000 2021, -117.104989, 32.810012, when the matrix is just capitalism 
kaydaaaa_, Fri Jan 22 23:53:57 +0000 2021, -85.141846, 34.912880, I get so turned on knowing that Iâ€™m dating a personal trainer lolMonthly Membership Cost - $ex 
lgn077, Fri Jan 22 23:53:57 +0000 2021, -80.233244, 26.624907, South is shining especially w/ the last of the signal in the fwys dying. Manuscript when its cold, tribute/xonerateâ€¦ https://t.co/H02GsCsrKh 
tmj_tpa_transp, Fri Jan 22 23:53:57 +0000 2021, -81.973979, 27.997435, See our latest #Lakeland, FL #Transportation job opportunity and click the link in our bio to apply: Driver - CDL-A at United Rentals 
laurafine1003, Fri Jan 22 23:53:57 +0000 2021, -87.845248, 42.125755, @ebrekkeNSSEO @ms_schafferMS Congrats to one of the finest!!! Way to go @ms_schafferMS 
GUcomicshop, Fri Jan 22 23:53:57 +0000 2021, -74.237178, 41.028069, #SOLD!! #Underdog 1 #PatrickOwsley #Retro #Animation #Cover #Signed by #JamesKuhoric  W/ COA (B)..â€¦ https://t.co/t4DKRJNS5r 
UthyrTheImpure, Fri Jan 22 23:53:57 +0000 2021, -80.404734, 27.630996, @Carin_McLeoud @rawdenim420 @Waidwml1 @SilentAmuse Lol i got blocked. 
tmj_ksw_pharm, Fri Jan 22 23:53:57 +0000 2021, -97.212371, 37.724525, Want to work at CVS Health? We're hiring in Wichita, KS! Click the link in our bio for details on this job and moreâ€¦ https://t.co/iS637t0FOU 
JACKROST8, Fri Jan 22 23:53:57 +0000 2021, -87.732013, 41.833585, https://t.co/zKJl3JRWod 
JNeal916, Fri Jan 22 23:53:57 +0000 2021, -79.420865, 38.003376, #RIPHankAaron https://t.co/QmwBefzO5x 
swellvis, Fri Jan 22 23:53:57 +0000 2021, -76.991504, 38.862956, Just posted a photo @ Solomon G. Brown Corps Community Center https://t.co/ytBOWBxjWs 
juliannasoprano, Fri Jan 22 23:53:57 +0000 2021, -73.968542, 40.780709, ğŸ˜‚ğŸ˜‚ğŸ˜‚. Iâ€™m dead! 
justinlkurth, Fri Jan 22 23:53:57 +0000 2021, -105.550890, 38.997936, @COFightsBack @GeorgeBrauchler Uh, he is literally directing his comment to the event that occurred on Jan 6 whichâ€¦ https://t.co/YjpovVZXZp 
brew_york, Fri Jan 22 23:53:58 +0000 2021, -78.871284, 38.438306, @b_vanderbrook @InterboroNYC My followers know better 
ByNoahTaylor, Fri Jan 22 23:53:58 +0000 2021, -85.978600, 35.830522, @leonadouglas17 layup. 10-5. @lafollettepress 
RyanBadgley40, Fri Jan 22 23:53:58 +0000 2021, -75.671336, 43.089215, @Bobby_Bombs Hahahaha https://t.co/VAIso2EbLd 
willhues, Fri Jan 22 23:53:58 +0000 2021, -87.967292, 43.056722, Its become tradition now to do 2 shots of bitters on the family zoom fridays, and I am not mad about this whatsoever. 
Naybesa, Fri Jan 22 23:53:58 +0000 2021, -122.330602, 47.614817, ğŸ—£ğŸ—£ğŸ—£ğŸ—£ğŸ—£ 
tmj_sjc_labor, Fri Jan 22 23:53:58 +0000 2021, -121.129656, 37.471600, Come join our team at Adecco. Click here to learn more. https://t.co/4XyOGJ0Vix #Patterson, CA #Forklift 
tmj_sat_pharm, Fri Jan 22 23:53:58 +0000 2021, -98.447366, 29.489140, See our latest #SanAntonio, TX job and click to apply: Pharmacy Technician - Target Store - https://t.co/SEp4JDOsW3 #pharmacy 
NickTatted23, Fri Jan 22 23:53:58 +0000 2021, -74.162658, 40.792103, @_itsspyder Lmaooooooo nahhhh you was drunk ğŸ˜‚ 
JaySan2k1, Fri Jan 22 23:53:58 +0000 2021, -72.545584, 42.113062, .@Nerdy_Mom_Mel did you do this? #BernieSanders #BernieSandersMittens https://t.co/Bp22Yrpdud 
keywestvibes, Fri Jan 22 23:53:58 +0000 2021, -81.770758, 24.569344, I have no idea what Iâ€™m doing. Iâ€™m just roaming around assuming something will happen. I have errands to run but blâ€¦ https://t.co/jUSlRaJxUQ 
CMCM_Forever, Fri Jan 22 23:53:58 +0000 2021, -78.657837, 35.843981, @90degreezz Itâ€™s true Used to be great for food...the chains rurnt that 
Yocomototo, Fri Jan 22 23:53:59 +0000 2021, -73.849441, 40.850347, R.I.P. to baseball GOD HANK ARRON 
Lorisorenson4, Fri Jan 22 23:53:59 +0000 2021, -119.777790, 39.093854, @althea89157 @Davey5311 Because a lot of them are guilty for helping him and he paid like 2.8 million for them to do it treason ASAP 
BKC92571, Fri Jan 22 23:53:59 +0000 2021, -87.732013, 41.833585, @JoJoFromJerz ğŸ˜‚ğŸ˜‚ğŸ˜‚ 
_kelly_leung, Fri Jan 22 23:53:59 +0000 2021, -122.435979, 37.770657, Caught my backyard neighbor peeping into my window... 
Keniffg420, Fri Jan 22 23:53:59 +0000 2021, -75.668109, 36.019855, @DonaldJTrumpJr Dick on the brain! 
_TandR_, Fri Jan 22 23:53:59 +0000 2021, -100.076888, 31.168893, @Alchinme I have definitely noticed that January in general has been a slower month. Iâ€™m assuming it because peopleâ€¦ https://t.co/WFJBuzjcRw 
Csysel, Fri Jan 22 23:53:59 +0000 2021, -93.606369, 41.576437, @laurenboebert Nice to see your state elects low IQ people to represent them.  Generous and open minded of them.â€¦ https://t.co/BUXYBMnchD 
RubenUofT, Fri Jan 22 23:53:59 +0000 2021, -122.330602, 47.614817, @FranktheTank210 @JohnP_TTU Dude jealous! 
BIGNAY2xs, Fri Jan 22 23:54:00 +0000 2021, -115.135165, 36.060964, Mommy, I told you lol too cute man 
Slasher, Fri Jan 22 23:54:00 +0000 2021, -73.968542, 40.780709, @endercasts and still can't aim smh 
WarDamnFox, Fri Jan 22 23:54:00 +0000 2021, -85.491540, 32.597245, @cupofmurder @mckenzikc @truecrimez_com And @cupofmurder is an awesome #truecrimepodcast. One of my faves. 
jmorriscca90, Fri Jan 22 23:54:00 +0000 2021, -92.131274, 34.751936, @bigearl88 ğŸ˜‚ TouchÃ©! 
DUVAL_DOOM, Fri Jan 22 23:54:00 +0000 2021, -81.656217, 30.792144, @They_call_me_P @sherbert_cs I mean, I went to boot camp at Parris Island. We slept in worse places. ğŸ˜‚ 
_MCKENTON_, Fri Jan 22 23:54:00 +0000 2021, -118.411907, 34.020789, Mood https://t.co/rMyDkxxnPy 
richardmskinner, Fri Jan 22 23:54:00 +0000 2021, -77.101999, 38.880845, @julia_azari I can tell you that it is now very hard to get students to be interested in Andrew Jackson.  The raciaâ€¦ https://t.co/jhArbpnfiz 
CarsonVoss, Fri Jan 22 23:54:00 +0000 2021, -86.270540, 45.001180, @Limepally @xoGlitterTV Woah relax walmart Ninja 
wuttygre, Fri Jan 22 23:54:00 +0000 2021, -93.955918, 29.901544, @sunsh1nee69 The honor was mine ğŸ¥ºğŸ‘‰ğŸ»ğŸ‘ˆğŸ» 
ed_edd_eddielee, Fri Jan 22 23:54:00 +0000 2021, -84.266174, 30.476216, @__laurannnn ainâ€™t have to snap like that and delete ğŸ¥² 
SheCantRead, Fri Jan 22 23:54:00 +0000 2021, -73.554097, 41.098334, I just shows me he didnâ€™t read the script no way he agreed to this foolishness ğŸ¤£ğŸ¤£ğŸ’€ğŸ’€ 
lisaboban, Fri Jan 22 23:54:00 +0000 2021, -87.478814, 41.638191, @jay_jdavis Nope. I really want to read what you come up with. 
roglemasroger3, Fri Jan 22 23:54:00 +0000 2021, -121.469664, 38.561722, Neo-Nazis like rubio do nothing good for our country. They want to see American families starve to death. They refuâ€¦ https://t.co/sLDGNslOx7 
deliaroma8, Fri Jan 22 23:54:01 +0000 2021, -97.978221, 30.355857, Have you thought of rebrand your image? 
pwikowo, Fri Jan 22 23:54:01 +0000 2021, -84.327698, 39.556413, It do be 6:53 pm on a mother fucking Friday https://t.co/1XjkpNlfRy 
thought_poet77, Fri Jan 22 23:54:01 +0000 2021, -87.732013, 41.833585, Iâ€™m learning how to truly let go of what I canâ€™t change..This healing shit really ainâ€™t easy.. 
LisaAnnAvery, Fri Jan 22 23:54:01 +0000 2021, -86.680738, 32.576227, You are kidding, right? The way you help people in need is be personally successful and then get involved, roll upâ€¦ https://t.co/JYz43yYoO2 
thevanwhite, Fri Jan 22 23:54:01 +0000 2021, -118.423010, 34.208550, Almost done just a few more pieces of wood, then sand, and finally wood stain it! #CarpenterVan show/coat rack custâ€¦ https://t.co/zduUosUplc 
dwhite105, Fri Jan 22 23:54:01 +0000 2021, -82.985772, 39.994684, Iâ€™m old enough to remember when your father allowed Russia to place bounties on American soldiers. 
GabyJuang, Fri Jan 22 23:54:01 +0000 2021, -149.758794, 61.235042, https://t.co/MFRsQNzNEn 
its_ajhaj, Fri Jan 22 23:54:01 +0000 2021, -95.446486, 29.838495, Someone thatâ€™s gone build you up  and help you out the pieces together ğŸ¥° 
jlnpjr, Fri Jan 22 23:54:01 +0000 2021, -80.341298, 25.610512, @Missykaupa Gotta start somewhere 
hiccupasterisk, Fri Jan 22 23:54:01 +0000 2021, -95.065376, 29.456615, @MoodAdjuster I like it!! 
beth_ann_z, Fri Jan 22 23:54:02 +0000 2021, -80.299804, 40.202576, A jagoff indeed ğŸ‘ğŸ‘ğŸ™Œ 
GenieReal, Fri Jan 22 23:54:02 +0000 2021, -100.076888, 31.168893, @sksmg54 @1lucyhannah Saving Grace! Comes! Every Day! Believe. 
MySaliba60, Fri Jan 22 23:54:02 +0000 2021, -100.000000, 40.000000, GOD BLESS ğŸ’–ğŸ™ ASHURAYA AND ASSYRIANS GOD BLESS YOU ALL   AMIN @ United States https://t.co/ENruJa7O2e 
jakesloonybin, Fri Jan 22 23:54:02 +0000 2021, -118.502709, 34.106303, Just posted a photo @ Mandeville Canyon, Los Angeles https://t.co/aAxKarQgeR 
AVANALIST3, Fri Jan 22 23:54:02 +0000 2021, -80.734815, 39.921248, @DrTwittington @SarahSpain A pig-cow? 
Jackbootsmiller, Fri Jan 22 23:54:02 +0000 2021, -93.565326, 41.358391, We need more of this ğŸ’¯ 
KathyMCronin, Fri Jan 22 23:54:02 +0000 2021, -71.106000, 42.337300, Just posted a photo @ Boston Children's Hospital https://t.co/OF7UMZ1kz4 
DaddySinFLA, Fri Jan 22 23:54:02 +0000 2021, -81.367773, 28.501678, @samisthejam So fucking hot ğŸ”¥ 
KellyLadyB, Fri Jan 22 23:54:02 +0000 2021, -122.042544, 47.542814, @SlenderSherbet This dog has good wingmen. 
debswim2010, Fri Jan 22 23:54:02 +0000 2021, -81.345425, 28.469859, @InthemindofCP Lol Always 
NinoOne, Fri Jan 22 23:54:02 +0000 2021, -84.400837, 39.187354, So plan B? #FCCincy #YAL ğŸ¦ #NotTalkingAboutaPill ğŸ”¶ğŸ”· 
ksaranto04, Fri Jan 22 23:54:03 +0000 2021, -84.539813, 39.137038, no -.- 
dessmotzarella, Fri Jan 22 23:54:03 +0000 2021, -95.446486, 29.838495, I need a podcast with @desusnice @THEKIDMERO @Lin_Manuel and @chrislhayes 
LexiOnFiyah, Fri Jan 22 23:54:03 +0000 2021, -105.550890, 38.997936, @nebulena_ https://t.co/9JEk38f4ym 
eel_trebor, Fri Jan 22 23:54:03 +0000 2021, -80.240128, 43.534199, ğŸ‘‡ğŸ‘‡ğŸ‘‡ Follow what #PMJT says. You'll have opportunities for vacations in the future, but now is the time to keep yourâ€¦ https://t.co/WfBE7aFifF 
miigaa0330, Fri Jan 22 23:54:03 +0000 2021, -96.761753, 32.819858, @funder @Didi37566524 Really 
TheDrOutlaw, Fri Jan 22 23:54:03 +0000 2021, -158.151349, 21.386840, Manny is live! 
whitwt, Fri Jan 22 23:54:03 +0000 2021, -93.389864, 41.938228, @purpledragula Why though? 
cjrhodes325, Fri Jan 22 23:54:03 +0000 2021, -77.236969, 38.805115, I love Duce but he deserves a chance that we clearly arenâ€™t willing to give him 
goldisacks, Fri Jan 22 23:54:03 +0000 2021, -73.948775, 40.655138, @MonicaJewinsky @_mivel I do come to London my brother (British) lives in Dalston! But pandemic etc 
julestider, Fri Jan 22 23:54:03 +0000 2021, -122.498460, 37.605987, Goddamn I love California. https://t.co/tcY7uG24OG 
Loberd3, Fri Jan 22 23:54:03 +0000 2021, -86.851177, 35.935017, Forgot to tag ya @NclPhotograph 
siejedajeakime, Fri Jan 22 23:54:03 +0000 2021, -84.388900, 33.756600, Just posted a photo @ Atlanta, Georgia https://t.co/BMCRlHqoKW 
MariaNunez97, Fri Jan 22 23:54:03 +0000 2021, -86.270540, 45.001180, One thing I constantly think about is how ppl will hold a grudge on someone for YEARS. I know ppl that still talk sâ€¦ https://t.co/w98ApskIop 
itsrobdavis, Fri Jan 22 23:54:04 +0000 2021, -118.369645, 34.087010, @derek_omni Great designers! 
VernonQuaal, Fri Jan 22 23:54:04 +0000 2021, -93.361321, 46.441861, @SenTinaSmith U gonna need all the help u can get,  because the military does not support Biden , they turn their backs on him. 
SpiosraFox, Fri Jan 22 23:54:04 +0000 2021, -79.002112, 35.054627, Feel like I need to think about things. 
alenkajtezovic, Fri Jan 22 23:54:04 +0000 2021, -119.306608, 37.269176, editing is always fun but always a slow process at times 
TheRealJedi__xx, Fri Jan 22 23:54:04 +0000 2021, -88.025543, 43.067538, @thisisntdiamond https://t.co/6EnrBDn8yc 
rtmpine, Fri Jan 22 23:54:04 +0000 2021, -82.669467, 40.365160, Teachers got an informal walk-through from a special guest today. He seemed a bit grumpy, didnâ€™t provide much feedbâ€¦ https://t.co/UMgpOqHofo 
AugustaPrep, Fri Jan 22 23:54:04 +0000 2021, -82.095304, 33.526322, Earlier today, our Midde and Upper School cyber teams competed in the third round of the national CyberPatriot compâ€¦ https://t.co/oERBZ6Ugi3 
StrausOrganic, Fri Jan 22 23:54:04 +0000 2021, -118.411907, 34.020789, Help celebrate and support female-owned restaurants in #LosAngeles with 10 days of Regarding Her Foodâ€™s festival stâ€¦ https://t.co/f8WL0FZZeu 
JohanSal94, Fri Jan 22 23:54:04 +0000 2021, -87.946235, 42.170104, THE GROWL https://t.co/RTH1chEutv 
SteveColman4, Fri Jan 22 23:54:04 +0000 2021, -118.325145, 34.182160, So dumb it is mind numbing 
urbanfoxe, Fri Jan 22 23:54:04 +0000 2021, -73.968542, 40.780709, @ScoobyDoofus Hmm I can pick up at least 10. Probably 50/50 2.4 and 5ghz. It's weird that the microwave affects the 5 though right? 
drtulpule, Fri Jan 22 23:54:04 +0000 2021, -90.247824, 38.653771, @im_slu Resident Physician Dr. Yan Chu made this meme, and I couldnâ€™t refrain from reposting. @AdiSureshMDâ€¦ https://t.co/6SKnPGYQWF 
latixs, Fri Jan 22 23:54:05 +0000 2021, -100.076888, 31.168893, Then d**. 
etherealaqua, Fri Jan 22 23:54:05 +0000 2021, -122.232934, 37.497293, i couldâ€™ve spent forever with your hands in my pockets, picture of your face in an invisible locket 
RyleeGraceee, Fri Jan 22 23:54:04 +0000 2021, -89.922029, 35.133521, My banana nut bread candle came in today and it smells DELICIOUS ğŸ¥µğŸ¥° https://t.co/OGNn2I6sxB 
EvansChamber1, Fri Jan 22 23:54:04 +0000 2021, -104.731181, 40.375310, A big thanks to everyone that came out to support Ziggi's Coffee ribbon cutting ceramony âœ‚ï¸#coffee #coffeeshopâ€¦ https://t.co/bKNYpBATKx 
Patrick_deBelen, Fri Jan 22 23:54:05 +0000 2021, -79.272570, 43.629311, @just_janna Ah Iâ€™m not alone! ğŸ™ 
a_red_robe, Fri Jan 22 23:54:05 +0000 2021, -82.669467, 40.365160, @SgtHarvey DAMMIT 
EddieCode7, Fri Jan 22 23:54:05 +0000 2021, -118.209193, 33.923122, Literally My Heart &amp;Soul â¤ğŸ¤ğŸ¼#siblings #bigbrother #littlesister @ Lynwood/compton https://t.co/cJnu6azvOH 
LisaTrifonov, Fri Jan 22 23:54:05 +0000 2021, -80.294893, 26.156619, @SenWhitehouse Thank you, Sir! 
BY1959, Fri Jan 22 23:54:05 +0000 2021, -75.386460, 39.145024, @torrone1951 @TeaPainUSA I have my doubts about Republicans voting to convict. So, show America what really happened. 
Pooh2Solid, Fri Jan 22 23:54:05 +0000 2021, -90.158017, 32.230987, @lildurk ğŸ©¸ 
Chelsiii5, Fri Jan 22 23:54:05 +0000 2021, -83.804475, 27.698682, Ummmm hey guys me and @CheyenneGeer are at dirty downs and you guys arenâ€™t here???? ğŸ¥ºğŸ’” 
Kevin94570290, Fri Jan 22 23:54:05 +0000 2021, -79.861034, 35.170499, @cristinafoxtv Both 
AMelamid, Fri Jan 22 23:54:05 +0000 2021, -75.770041, 42.746617, @hragv Do you mean you understand cultural matters and how they function in society? 
anniiedupuy, Fri Jan 22 23:54:06 +0000 2021, -90.178629, 30.001244, idk i feel like thereâ€™s bigger problems than trans women being treated like women (bc they are) ?? like maybe homelâ€¦ https://t.co/gskJP8ci2A 
meggrenee13, Fri Jan 22 23:54:06 +0000 2021, -80.178392, 26.039680, Just forget..... How do you forget the one who made you fall inlove with yourself?....... 
MmuratKara34, Fri Jan 22 23:54:06 +0000 2021, -80.476404, 43.430240, @ar16865997 EvetGece kalp durmusIZIN VERILMEDI 
ptalman135, Fri Jan 22 23:54:06 +0000 2021, -74.118802, 40.936252, Driving a stickshift car in traffic is a full on leg workout 
tmj_AL_LABOR, Fri Jan 22 23:54:06 +0000 2021, -86.962409, 33.289197, Want to work at Cintas Corporation? We're hiring in #Bessemer, AL! Click the link in our bio for details on this joâ€¦ https://t.co/0tqrvnppwZ 
justindandoy, Fri Jan 22 23:54:06 +0000 2021, -80.083675, 40.409320, @wjcollege @washjeffbsu @oronline So proud of Tamia and BSU! Great work, students! 
lastoeck, Fri Jan 22 23:54:06 +0000 2021, -117.104989, 32.810012, @MatthwDayton I donâ€™t know how as ridiculously hard as you train 
raaaaaaaaquelG, Fri Jan 22 23:54:06 +0000 2021, -81.248786, 42.948841, Hey hey hey! 
tmj_mem_eng, Fri Jan 22 23:54:06 +0000 2021, -90.048980, 35.149534, This Engineering job might be a great fit for you. Click the link in our bio to see it and more. CNC Programmer atâ€¦ https://t.co/d1QpCvwcs5 
tmj_UT_LABOR, Fri Jan 22 23:54:06 +0000 2021, -113.568416, 37.096528, We're hiring! Click to apply: Dollar Tree Stores: New Openings Forklift Operator 2nd Shift - https://t.co/obBilnB1UN #Labor #StGeorge, UT 
devoncarson, Fri Jan 22 23:54:06 +0000 2021, -112.124676, 33.552863, @FlawlessLik @zerohedge Here is some good info. 
TheMeganDailey, Fri Jan 22 23:54:07 +0000 2021, -89.922029, 35.133521, Drink. No straw.Salad. No fork.My pleasure.@ChickfilA 
superduperjamal, Fri Jan 22 23:54:07 +0000 2021, -73.948775, 40.655138, @HeartLessMoshi Donâ€™t speak to me. 
martikurtzaniba, Fri Jan 22 23:54:07 +0000 2021, -110.915573, 32.189391, Naturalist Explorations: Geology Tour of Reno https://t.co/lkMyirbrep via @YouTube 
DJFofiOficial, Fri Jan 22 23:54:07 +0000 2021, -81.311060, 28.515230, Ya ready en @elcilantrillorestaurant de la semoran ğŸš¨ğŸš€ğŸš€ğŸš€ @ El Cilantrillo Restaurant https://t.co/VUGdBn4S6j 
FrankLevesque09, Fri Jan 22 23:54:07 +0000 2021, -74.043917, 45.796493, Build the statue already, @JimIrsay ğŸ’™ğŸ‘ŠğŸ¼ğŸ´ #ForTheShoe #Colts #OneOfUs #TheManiac ğŸ˜ˆ 
Zay_Jack, Fri Jan 22 23:54:07 +0000 2021, -86.441236, 39.766555, Ok, 3 freshman starting. 
Roxdeerest, Fri Jan 22 23:54:07 +0000 2021, -84.895326, 39.840571, If anyone knows anything @RickDuncan04 is scared of, please send me a private message. #Revenge 
lincolnmkxone, Fri Jan 22 23:54:07 +0000 2021, -79.913521, 43.260695, @CPC_HQ Sit back, let the big boys go about running the country like it should be and Erin O'trump and you can https://t.co/p6P51LDF4V 
mikelaxne, Fri Jan 22 23:54:07 +0000 2021, -95.446486, 29.838495, Wait i can 3d scan shit with my drone? https://t.co/5s1mkaKslC 
wcmcghee2, Fri Jan 22 23:54:08 +0000 2021, -76.913544, 38.634628, @DerenicByrd @nu1wcf Or false equivalence... 
TJDRUMSS, Fri Jan 22 23:54:08 +0000 2021, -86.791549, 36.200008, ğŸ”´ Live from Nashville @TJDRUMSS on #YouNow https://t.co/9ZRbeo6aIK https://t.co/t5LgeCP7NV 
Mr__Rutherford, Fri Jan 22 23:54:08 +0000 2021, -95.446486, 29.838495, @jmarkwrite @SugithVarughese Letterkenny is amazing. Iâ€™ve watched it through 3 times and constantly quote it. Itâ€™sâ€¦ https://t.co/SenMcMRBH0 
JoeyPrusak, Fri Jan 22 23:54:08 +0000 2021, -80.517356, 25.019604, @vjzvfx Have fun. ğŸ‘‹ğŸ¼âœŒğŸ¼ 
_iFant, Fri Jan 22 23:54:08 +0000 2021, -81.202306, 41.567906, I'm at Casa de Fant in Chardon, OH w/ @7_dots https://t.co/5qTdZIomV4 
jennaelaney, Fri Jan 22 23:54:08 +0000 2021, -72.584698, 42.247740, @ItsTheMelMan Then this mf poops on my neighborâ€™s lawn knowing I donâ€™t have any damn bags on me! THEN he jumps on tâ€¦ https://t.co/yP2a6Cgocn 
StaceyJSpiehler, Fri Jan 22 23:54:08 +0000 2021, -89.876449, 32.571032, @rctruitt Nope! 
mlascharton, Fri Jan 22 23:54:08 +0000 2021, -122.296281, 47.119286, If you can see this, can I borrow $90? 
Nachos773, Fri Jan 22 23:54:08 +0000 2021, -87.732013, 41.833585, Itâ€™s Fucken Friday ğŸ¥³ 
nlantz1986, Fri Jan 22 23:54:09 +0000 2021, -74.012217, 40.201915, @Mustaine3651 ğŸ’€ ğŸ’€ğŸ’€ 
dhouseton, Fri Jan 22 23:54:09 +0000 2021, -82.985772, 39.994684, Says the Jets fan 
Soccerhead96, Fri Jan 22 23:54:09 +0000 2021, -95.446486, 29.838495, @Ayylmaojuan Consistency bro 
Mahem57917765, Fri Jan 22 23:54:09 +0000 2021, -81.612508, 30.094251, @smc429 Amen, sister! I so miss the Fairness doctrine! 
RussTaylorPhD, Fri Jan 22 23:54:09 +0000 2021, -72.712723, 41.530533, @ReportsDaNews @CheriJacobus @mkraju Thus guaranteeing that Trump will attempt to run in 2024 and will mop the flooâ€¦ https://t.co/1QTByJDWoe 
JDNsports, Fri Jan 22 23:54:09 +0000 2021, -79.861034, 35.170499, 41 seconds left in 2q Northside 26, Jacksonville 21. Monarchs have scored last 5 points 
missashleyynoel, Fri Jan 22 23:54:09 +0000 2021, -74.096050, 40.902760, @Shortilovex3 yes yes you do 
izaz_haque, Fri Jan 22 23:54:09 +0000 2021, -71.441700, 42.590147, @ArthurCaplan Losing credibility with people. Stick with the science 
TerranceStone, Fri Jan 22 23:54:09 +0000 2021, -117.260306, 34.088181, Just posted a photo @ Young Visionaries Youth Leadership Academy https://t.co/R3olJItK3L 
berto_rager, Fri Jan 22 23:54:09 +0000 2021, -95.446486, 29.838495, Might have to cop me a pair 
redwindcasino, Fri Jan 22 23:54:09 +0000 2021, -122.923516, 47.064528, Kyong winning big with TDF UNLEASHED, CONGRATULATIONS!!! #Winner #Jackpot #YoureVIPHereWe announce a jackpot a daâ€¦ https://t.co/11mmWej1RM 
MarieJuene, Fri Jan 22 23:54:10 +0000 2021, -70.683829, 41.931593, @funder them if they kept it up they would be sued. I wish I could afford an attorney but I can't yet I need my bilâ€¦ https://t.co/L9mAJgIQYM 
atticusown, Fri Jan 22 23:54:09 +0000 2021, -80.122619, 26.721896, @WPBF25News https://t.co/AAobfo99UZ 
Mardy_Rufin, Fri Jan 22 23:54:09 +0000 2021, -95.446486, 29.838495, https://t.co/pW4AHxs2kb 
NYPD19Pct, Fri Jan 22 23:54:10 +0000 2021, -73.968542, 40.780709, @kentpd Weâ€™ll be here all night folks... Baaaaaa-dum-bump https://t.co/c8NWGB4ddL 
kevinchambers19, Fri Jan 22 23:54:10 +0000 2021, -115.135165, 36.060964, @_Teezy_216 @ChrisFedor Those 2 in Miami got swagger with their game too. That would be a big help for us. Good take 
misshoneylatte, Fri Jan 22 23:54:10 +0000 2021, -122.630908, 45.536402, okay but how is it possible for someone to be this fucking hot???@SierhausSuicide rocking @shopscumbunny! visit sâ€¦ https://t.co/ecY6YJ7mHO 
EASYMONEYDEWW, Fri Jan 22 23:54:10 +0000 2021, -74.994539, 39.847137, Tinting the whip tomorrow, do I just go all out? Tints illegal in jersey so I might as well just black it out right? 
StoughtonHailey, Fri Jan 22 23:54:10 +0000 2021, -95.275990, 29.424824, help Haleys threatening me with raw chicken 
E_mily1998, Fri Jan 22 23:54:10 +0000 2021, -89.659689, 39.774346, fany*s are attacking ph*l now because they have no reading comprehension skills ğŸ’€ğŸ’€ğŸ’€ 
mjupiter90, Fri Jan 22 23:54:10 +0000 2021, -83.173867, 32.678207, @thehill Fierce when he was among the crowd.  Fell apart when confronted with the consequences. 
photomistic, Fri Jan 22 23:54:10 +0000 2021, -105.070646, 40.300990, Just posted a photo @ Eldora Ski Resort, Nederland, CO https://t.co/jMnrYWrqpu 
queenmedusa69, Fri Jan 22 23:54:11 +0000 2021, -118.411907, 34.020789, @Rodolpho_96 we gotta tell granny to get us the ps5 hahahaha ğŸ˜‚ğŸ˜‚ğŸ˜‚ğŸ˜‚ 
doublec180, Fri Jan 22 23:54:11 +0000 2021, -88.161555, 30.683649, @j_auburn88 They need our guidance now more than ever bro! Especially with being able to make money off their own brand and likeness. 
Love_BellaX, Fri Jan 22 23:54:11 +0000 2021, -81.367773, 28.501678, Imagine how the other person would feel if you said â€œI disrespect myself by being with you.â€ 
mtiller, Fri Jan 22 23:54:11 +0000 2021, -86.270540, 45.001180, @vcarl_ Pretty sure @caro just left NYC for parts unknown. Last I saw, she was in AZ, I think.  I envy you.  With râ€¦ https://t.co/IXHfZaAb3L 
maxwellsparr, Fri Jan 22 23:54:11 +0000 2021, -71.088712, 42.313670, @MikeyRads @catmsilverman and Schmidt from New Girl! https://t.co/FWSTwWdoMk 
TroopTrilly, Fri Jan 22 23:54:11 +0000 2021, -87.732013, 41.833585, Look at the cover art that drops now a days. Lately I been seeing the paper cut out type of vintage hot boys type of ish. Same w the merch. 
weatherherk1, Fri Jan 22 23:54:11 +0000 2021, -83.804475, 27.698682, @DGodfatherMoody want a good dirt race. Should had kept it at @EldoraSpeedway. Now @NASCAR pissed off @TonyStewart ğŸ¤” 
maximccan, Fri Jan 22 23:54:11 +0000 2021, -71.683502, 42.036939, @Nancyfourdogs @ericfisher Or maybe itâ€™s gotten old. If you are going to do it have some creativity with it. Some aâ€¦ https://t.co/uGPIBea2BT 
GregFornataro6, Fri Jan 22 23:54:11 +0000 2021, -77.604684, 41.117936, @antonio_blundo Youâ€™re crazy 
pj_bimonte, Fri Jan 22 23:54:11 +0000 2021, -83.804475, 27.698682, @LuisSeg7 @DixonTam @sucka99 Thatâ€™s easy, Texans. You know they will play for Campbell. 
gvalecillos26, Fri Jan 22 23:54:11 +0000 2021, -74.201634, 39.928362, Grande entre los grandes. Ese fue Hank Aaron âš¾ï¸ğŸ‡ºğŸ‡¸ğŸ‘ğŸ»RIP 
Manny6Manny, Fri Jan 22 23:54:11 +0000 2021, -102.344087, 31.873838, @erickelcholo17 ğŸ¤£ğŸ¤£ğŸ¤£ğŸ¤£ğŸ¤£ 
BenRogers, Fri Jan 22 23:54:11 +0000 2021, -100.076888, 31.168893, Thanks, Cody. ğŸ¥ƒ 
felz_a, Fri Jan 22 23:54:11 +0000 2021, -96.053431, 41.275721, https://t.co/wZlDZ8mgI4 
foolykooly, Fri Jan 22 23:54:12 +0000 2021, -76.809550, 42.092354, @HoneySquared @Ban_SinOfGreed_ LMAOOO I made this like 2 years ago ğŸ’€ 
BrianKeevan, Fri Jan 22 23:54:12 +0000 2021, -88.074936, 30.825615, I just love getting Chinese take-out &amp; the guy taking orders, (who barely speaks English btw,) hollers at me like Iâ€¦ https://t.co/LlDnX3yPoA 
Ericdane81, Fri Jan 22 23:54:12 +0000 2021, -80.263517, 26.124507, ğŸ˜” https://t.co/WLeYhEmMQl 
KungFuDracula, Fri Jan 22 23:54:12 +0000 2021, -78.657837, 35.843981, @TheMacabreMouse It was a two-fer. Quiet Riot Condition Critical and ZZ Top Tres Hombres (with no case) from a rummâ€¦ https://t.co/w9EgbHbugm 
Charo_Silva, Fri Jan 22 23:54:12 +0000 2021, -100.196134, 25.676603, @ooc_alex_cai Dilo sin ser ğŸ¤¡ 
HelenNeville12, Fri Jan 22 23:54:12 +0000 2021, -88.279219, 40.107484, @DrNeblett You have been on the academic treadmill for too long. Take a breather and enjoy the part of work that brâ€¦ https://t.co/6qm5vygp7P 
Leavenbueno, Fri Jan 22 23:54:12 +0000 2021, -122.127353, 47.674497, My boy got promoted to Sergeant recently. I give him a lot of shit, but Iâ€™m proud of him. &lt;2&gt; #LElife #fitcopsâ€¦ https://t.co/zvyhjremiv 
donparskeloco, Fri Jan 22 23:54:12 +0000 2021, -119.783900, 36.739800, New shoes for the mamalona.... ğŸ˜ #muchneeded #llantas #ahuevo @ Fresno, California https://t.co/Gj5YnHRslj 
kudagadzikwa, Fri Jan 22 23:54:12 +0000 2021, -80.134986, 26.373976, mmmm, whatâ€™s more important. drip or eating? definitely drop right?ğŸ¤”this student budget ğŸ¥º 
RdeLIKAcowGIRL, Fri Jan 22 23:54:12 +0000 2021, -89.922029, 35.133521, Iâ€™m so mad right like blood boiling mad 
sweatboxprogram, Fri Jan 22 23:54:12 +0000 2021, -71.088712, 42.313670, @snortinbeans @CeeHawk https://t.co/oe8ceH6TgL 
claudiasnichols, Fri Jan 22 23:54:13 +0000 2021, -87.053494, 30.628481, @Fiobaio https://t.co/5ASjZH1uTD 
itsflipjackson, Fri Jan 22 23:54:13 +0000 2021, -71.112377, 42.378197, ğŸ˜­ğŸ¤£ğŸ˜­ https://t.co/TqwHFJm6e3 
FinolHugo, Fri Jan 22 23:54:13 +0000 2021, -80.233328, 25.782353, https://t.co/EWT95sOTMa 
sassytes, Fri Jan 22 23:54:13 +0000 2021, -115.223125, 36.232915, I have the prettiest mf friends I swearrrrr 
noahrianni, Fri Jan 22 23:54:13 +0000 2021, -118.411907, 34.020789, @_poochiiie I want to sooooo bad lol 
JosephGarciaRea, Fri Jan 22 23:54:13 +0000 2021, -96.818400, 32.927860, Just posted a photo @ DFW Elite Living https://t.co/yTpSItcfaH 
sarcasticcollie, Fri Jan 22 23:54:13 +0000 2021, -81.351309, 28.699417, Yip yorp 
rickydelhoyo, Fri Jan 22 23:54:13 +0000 2021, -100.293591, 25.641718, El wey que mama a Morat y a Imagine Dragons 
DTSHANNON1, Fri Jan 22 23:54:14 +0000 2021, -80.327999, 26.027890, @JoshuaMchunu @fadeelatu_ @TerkumaAkau O my ğŸ˜³ @SUNSHIN89874566 
JustMariel_, Fri Jan 22 23:54:15 +0000 2021, -81.402347, 28.299371, Chinese ğŸ¤¤ğŸ¤¤ 
DesBruner, Fri Jan 22 23:54:14 +0000 2021, -95.774927, 36.181539, @ShayMaKaylan Iâ€™m being 3000 rn. Like, itâ€™s disrespectful af, like it offends me because I donâ€™t rock like that. Buâ€¦ https://t.co/eZtj2cSs2j 
ligia_author, Fri Jan 22 23:54:15 +0000 2021, -122.539070, 49.260204, @plantingwords Agreed ğŸ˜Š 
janieguns, Fri Jan 22 23:54:15 +0000 2021, -97.477426, 25.972106, @idontwa86202030 Never thought of it like that. Let's hope it's short term and doesn't explode  ğŸ˜¬ 
holmesrip2, Fri Jan 22 23:54:15 +0000 2021, -80.271087, 25.699448, @glennkirschner2 @eliehonig @FrankFigliuzzi1 @AriMelber @NicolleDWallace @ejeancarroll @LysandraO @MichaelCohen212â€¦ https://t.co/kV3z9CFtMt 
troycroz, Fri Jan 22 23:54:15 +0000 2021, -77.017853, 39.008349, When your politically different parents text starting "you and jess need to get it together..." But ends "no baby pâ€¦ https://t.co/wn3qeX75Xk 
crybblizbeth, Fri Jan 22 23:54:15 +0000 2021, -97.754724, 30.323346, ğŸ¥€ğŸ¥€ğŸ¥€ https://t.co/kYWMSBAUkr 
FlyingTrilobite, Fri Jan 22 23:54:15 +0000 2021, -79.272570, 43.629311, So; much worse than we knew at the time. Read the whole article. I hope the US sees justice done. 
PaulBanecks, Fri Jan 22 23:54:15 +0000 2021, -105.072231, 39.947249, @GuapIggy Ok by chyna mitch 
BruceKamich, Fri Jan 22 23:54:15 +0000 2021, -74.855494, 40.490846, https://t.co/3VxIGm08go 
ScreamKristel, Fri Jan 22 23:54:15 +0000 2021, -97.285913, 32.779967, me when I take Jon, Jay &amp; Kev ğŸ¥° 
itsryanmichaels, Fri Jan 22 23:54:16 +0000 2021, -79.272570, 43.629311, In case i dont see you 
Dakotadamus, Fri Jan 22 23:54:16 +0000 2021, -80.132833, 25.769584, This is the bread they give you as soon as you sit down / the best ever. #primeitalian south beach. https://t.co/l1Lipjylwf 
heelsbasket, Fri Jan 22 23:54:16 +0000 2021, -78.855078, 35.723200, @LakeShowYo Kobe easy 
_paulmann_, Fri Jan 22 23:54:16 +0000 2021, -79.616073, 43.555244, @SAinSports @SeanADesai @manner_91 
GeoffJenkins11, Fri Jan 22 23:54:16 +0000 2021, -73.005765, 40.879379, @kfbetterthanyou @L422Y @AOC And like that, poof, the Wizard vanishes to the land of make believe, where bartendersâ€¦ https://t.co/jps4rFBorn 
tmj_fay_sales, Fri Jan 22 23:54:16 +0000 2021, -78.614171, 35.711264, Want to land a job like "SALES FLOOR ASSOCIATE" at Dollar Tree? Applicant tracking systems look for specific keyworâ€¦ https://t.co/SiGUAVMe6F 
kemarimoore, Fri Jan 22 23:54:16 +0000 2021, -118.411907, 34.020789, i can tell you how this go itâ€™s crazy but you a rather listen to some niggas thatâ€™s poppin on tik tok or instagram famous 
tmj_GA_secure, Fri Jan 22 23:54:16 +0000 2021, -82.354018, 31.213551, Click the link in our bio to see currently open Security Officer jobs like "Security Officer Evening/Night Shift (Wâ€¦ https://t.co/ngkde4UMCo 
agentdoubleA, Fri Jan 22 23:54:16 +0000 2021, -106.737438, 32.342299, @AddysDaddy__ wtf this gotta do w the tweet above?! lmao 
ClimateBecky, Fri Jan 22 23:54:16 +0000 2021, -105.550890, 38.997936, @LloydOsten Mine isnâ€™t. Hubby made his own, but then went out and bought new wood for this project. 
Yankeereport28, Fri Jan 22 23:54:16 +0000 2021, -73.207838, 41.259947, @JulianGuilarte1 @Iam_NateDogg Can get pitchers too.. not exactly talking big money here 
prinzojo_, Fri Jan 22 23:54:16 +0000 2021, -77.014398, 38.898603, @lord_hameed ğŸ˜‚ğŸ˜‚ 
TheyHateNoel, Fri Jan 22 23:54:16 +0000 2021, -96.734900, 33.061243, Because men tend to only use submission in the slave kinda context. They're lost on what it actually men's 
fox5jay, Fri Jan 22 23:54:16 +0000 2021, -83.173867, 32.678207, Bring Me Any Bank Ima Get You Paid 
_Asfodela_, Fri Jan 22 23:54:17 +0000 2021, -73.948775, 40.655138, @elisa_zo Ğ”Ğ°! 
thebeardedluke, Fri Jan 22 23:54:17 +0000 2021, -82.985772, 39.994684, @davemaze My booster just came a couple days ago. I love it. Makes my 24-105 feel like a everything lens LOL. 
MooshroomFairyy, Fri Jan 22 23:54:17 +0000 2021, -98.540651, 29.417501, you live in my dream stateğŸª. https://t.co/S04JNpDAEj 
fuxk_abeat, Fri Jan 22 23:54:17 +0000 2021, -118.411907, 34.020789, Feeling like Dwight 
MrsDubyaInDC, Fri Jan 22 23:54:17 +0000 2021, -76.620482, 39.284713, @ElleWCarter Back at you, Sis. We fine or whatever 
jonlaine, Fri Jan 22 23:54:17 +0000 2021, -77.078407, 39.019599, Iâ€™m hearing rumblings that Stafford could be in DC. Iâ€™m only worried about his health. He gets injured a lot 
meccalyfe, Fri Jan 22 23:54:17 +0000 2021, -97.472600, 35.654700, Absolutely no excuses!!! Shout out to Flex_bfd (Alexis) for the shirt #gymlife #gymmotivation @ Edmond, Oklahoma https://t.co/8VT2Rzcyqd 
trevor_blm33, Fri Jan 22 23:54:17 +0000 2021, -95.446486, 29.838495, @potatosandeggs Thats peachy and all but put the fucking people first. A president shouldnâ€™t get a pension anyways. Especially in the US lol 
Nolan_Meister, Fri Jan 22 23:54:17 +0000 2021, -97.445173, 35.222301, One of those players tested positive and yet theyâ€™re playing Michigan tonight 
nadiaasykes, Fri Jan 22 23:54:17 +0000 2021, -78.464221, 35.924724, @tellison04 @UGASoftball @UGACoachTony @supafic You so deserve this!!! Proud of you girl!!!â¤ï¸ 
InthemindofCP, Fri Jan 22 23:54:18 +0000 2021, -83.804475, 27.698682, @debswim2010 Smh ğŸ¤¦ğŸ¾â€â™‚ï¸ 
TheAishetu, Fri Jan 22 23:54:18 +0000 2021, -122.136082, 37.467999, @lilduval You can invest in businesses that struggle to access funding 
tmj_MEM_gensci, Fri Jan 22 23:54:18 +0000 2021, -90.048980, 35.149534, Want to work at The University of Tennessee? We're hiring in #Memphis, TN! Click the link in our bio for details onâ€¦ https://t.co/pIKvCmCtWb 
WhitemareElmSt, Fri Jan 22 23:54:18 +0000 2021, -117.968540, 33.769045, Itâ€™s Friday, that means another day of @BillieKayWWE prooving shes the best part of @wwe Smackdown 
notwig, Fri Jan 22 23:54:18 +0000 2021, -76.809550, 42.092354, @KP6of7 Come on bro smh 
sierrasandison, Fri Jan 22 23:54:18 +0000 2021, -116.238001, 43.598033, GoFundMe should not be health insurance for so many Americans. This is so unacceptable. 
britshaniece, Fri Jan 22 23:54:18 +0000 2021, -73.968542, 40.780709, They liked the way Brittany looked. Ainâ€™t nobody stupid. 
lando2380, Fri Jan 22 23:54:18 +0000 2021, -76.507809, 37.090301, She from the jungle. 
firetogold, Fri Jan 22 23:54:18 +0000 2021, -73.968542, 40.780709, Substantially speaking ... what have you done for me ? 
Meagan032014, Fri Jan 22 23:54:18 +0000 2021, -86.846753, 40.407236, @heycodeblue Do you want some? Thereâ€™s plenty for you to take and cook yourself 
countriesmother, Fri Jan 22 23:54:18 +0000 2021, -75.587262, 40.252191, Thatâ€™s a great idea @elonmusk Just got so somehow get supermassive and start plopping planets out of nowhere for yoâ€¦ https://t.co/udnLQCBUfP 
MmuratKara34, Fri Jan 22 23:54:18 +0000 2021, -80.476404, 43.430240, @ar16865997 Amin 
FreeMakaila, Fri Jan 22 23:54:19 +0000 2021, -84.266174, 30.476216, @hollywoodbeezyy ğŸ”âœˆï¸ 
CallaWalsh, Fri Jan 22 23:54:19 +0000 2021, -71.112377, 42.378197, Hiiii @AmandaMWestlake @JacobKempMA @kchat2000 @ellammcd 
gabbyyyvictoria, Fri Jan 22 23:54:19 +0000 2021, -122.506779, 47.157103, i remember when kyre &amp; justine were laughing at me for eating my fries cold ğŸ˜­ iâ€™m not down bad like that 
angieslife, Fri Jan 22 23:54:18 +0000 2021, -83.725610, 42.994459, REMOVE THIS BIOTCH!! https://t.co/ZwgVtbW1R1 
JamesFDennin, Fri Jan 22 23:54:19 +0000 2021, -73.968542, 40.780709, This rules 
DrRipStudwell10, Fri Jan 22 23:54:19 +0000 2021, -79.913521, 43.260695, Lil ACL 
NaylaKodiak, Fri Jan 22 23:54:19 +0000 2021, -118.018856, 33.975918, I voted Waffles! "Pancakes or waffles?" https://t.co/yGk2QHET7R 
Stevenwoolery, Fri Jan 22 23:54:19 +0000 2021, -93.490340, 44.778726, @TheOnion @redsteeze @nytimes Former satire magazines contract with the DNC ends, they try to go back to satire. 
mrbrooksmixing, Fri Jan 22 23:54:19 +0000 2021, -83.241050, 42.483060, When #2021 it all the way up! #levels #filmmaking @dennisreedii @dirxbeasyjones @rockey323 @ Southfield, Michigan https://t.co/EunNGM5eSK 
ericthewise, Fri Jan 22 23:54:19 +0000 2021, -92.436774, 38.304558, @BadAstronomer Iâ€™m doomed... 
DPISD_South, Fri Jan 22 23:54:19 +0000 2021, -95.117015, 29.707585, Oakridge scores first at 22:16 âš½ï¸âš½ï¸âš½ï¸ 
LibBrown1, Fri Jan 22 23:54:19 +0000 2021, -122.435979, 37.770657, @yashar It is sad! 
folklorejay, Fri Jan 22 23:54:19 +0000 2021, -97.500114, 25.903005, Me and you time @morenalibre @ Terras https://t.co/Z52TUvffYG 
CottlerSteven, Fri Jan 22 23:54:19 +0000 2021, -73.708513, 41.241424, @RobertZayasNY @hoopsmbd @HealthNYGov @NYSPHSAA School districts need to get to work immediately to get everythingâ€¦ https://t.co/ppW86VQxZH 
_SeaNike, Fri Jan 22 23:54:19 +0000 2021, -83.804475, 27.698682, Shoulda packed a hoodie, looked right at it this morning when I was tryna decide what to bring 
gsojudy, Fri Jan 22 23:54:19 +0000 2021, -77.255904, 38.851682, @FLOTUS @whitmanwalker @CancerSupportHQ ğŸ‘‹ breast cancer here.  Dome women reporting their infusion centers closed for Covid. ğŸ˜¢ 
SoxSignatures, Fri Jan 22 23:54:19 +0000 2021, -70.882800, 43.254850, @Pat_Light How about Brock Huntzinger? He always seemed like the outgoing talkative type down on the back fields of Fort Myers 
BrockBaileyxxx, Fri Jan 22 23:54:20 +0000 2021, -77.014398, 38.898603, See this and more than 70 other vids for just $3! 
donnagrace, Fri Jan 22 23:54:20 +0000 2021, -72.667811, 41.549405, @TommyJoeRatliff Oh hell!! If I was going to fall apart, I would not record it &amp; most certainly would not post it!!â€¦ https://t.co/iPM7W7Iway 
jobin_theman, Fri Jan 22 23:54:20 +0000 2021, -87.903243, 41.804401, After further review, Iâ€™ve determined the most British name of all time is Oliver Cromwell. No questions at this time, thank you. 
loff2192, Fri Jan 22 23:54:20 +0000 2021, -83.173867, 32.678207, Yoo the @MichaelVick   race scene in @AtlantaFX  is one of the best scenes ever that and the invisible  car get meâ€¦ https://t.co/fiwXk1BWaO 
jamir_d1, Fri Jan 22 23:54:20 +0000 2021, -79.089590, 33.842367, Every shot was cash ! ğŸ¤¦ğŸ¾â€â™‚ï¸ğŸ¥´ğŸ•Šâ¤ï¸ğŸ€ 
MPHILIPPECORARO, Fri Jan 22 23:54:20 +0000 2021, -111.872869, 40.498391, @mrlevine &amp; @jimfarley98 https://t.co/j2PsQK4Qh0 
laurenmaresca, Fri Jan 22 23:54:21 +0000 2021, -118.411907, 34.020789, you may call me lil endoscopy 
trudygonzales, Fri Jan 22 23:54:21 +0000 2021, -121.300731, 38.763160, @brycetache I agree 
parah_robert, Fri Jan 22 23:54:21 +0000 2021, -72.451172, 43.871757, @StitchThePomFl Yeah who knows what he has up his sleeve for next year 
ImranQ805, Fri Jan 22 23:54:21 +0000 2021, -118.411907, 34.020789, @classified Your a ninja Chris rock voice @SQReal 
Acostafeernanda, Fri Jan 22 23:54:21 +0000 2021, -111.001401, 31.192592, @rubyjsme @Reynamrojas Me llevan 
VeejForVendetta, Fri Jan 22 23:54:21 +0000 2021, -83.097715, 42.403075, @inawordortwo ğŸ¥° we were thereee 
Dandre_Ferg, Fri Jan 22 23:54:21 +0000 2021, -96.927022, 42.781104, Comical 
BustDwnLambiana, Fri Jan 22 23:54:21 +0000 2021, -83.376154, 42.223742, Boy donâ€™t complain when I flip the script on you. ğŸ˜‰ #ByeBaby 
PesoSkywlkr, Fri Jan 22 23:54:21 +0000 2021, -77.429164, 37.244620, They donâ€™t understand this shit , bro should be playing 25 mins a game 
JustPeedi, Fri Jan 22 23:54:21 +0000 2021, -75.117998, 40.004866, BaliğŸ˜ https://t.co/hUtyDAq2Gi 
dancerbeez, Fri Jan 22 23:54:21 +0000 2021, -80.260500, 36.102800, At Youth America Grand Prix during covid. About to watch the competition from the car... had to beg to use their baâ€¦ https://t.co/qgrM8dbwEv 
FrecklesXX20, Fri Jan 22 23:54:21 +0000 2021, -106.026119, 34.166235, @Cherylbde @lori024 @wyn_o @Paleocreations @colbertlateshow @DianeAKelly @aasebruun @____Roar____ @bearvierâ€¦ https://t.co/nPILHmuBhR 
UCLASemelFriend, Fri Jan 22 23:54:21 +0000 2021, -118.480420, 34.022688, So thatâ€™s why we always want dessert!!  Good to know!  Lately itâ€™s not just dinner but after #lunch too, thanks toâ€¦ https://t.co/CkPUIlr8KM 
LuceResists, Fri Jan 22 23:54:21 +0000 2021, -71.566171, 44.001230, I just read @HawleyMO is now tied with @SenTedCruz for the most hated repub senators in the U.S. And, two separateâ€¦ https://t.co/4AijBQPwOr 
steveeulberg, Fri Jan 22 23:54:21 +0000 2021, -122.452427, 37.483825, â€œRain donâ€™t last always...â€ lots of waves to soak up oneâ€™s Beach Zen #beautyintheworld @ Dunes Beach https://t.co/dttlZ7a5QE 
ShayKhatiri, Fri Jan 22 23:54:21 +0000 2021, -112.124676, 33.552863, @papavaritis No redsteeze is worse. 
AllanFromTheG, Fri Jan 22 23:54:22 +0000 2021, -120.576324, 34.966386, @TheBoiSantana @Swagg This man was picking these wings with his index fingers and thumbs ğŸ˜©. Talking about â€œkilled these wingsâ€ 
lilplasticc, Fri Jan 22 23:54:22 +0000 2021, -80.385480, 25.562918, @mischkamika Luv u and mith u 
_ky_0806, Fri Jan 22 23:54:22 +0000 2021, -71.416775, 41.955859, Support local authors and go buy this book yâ€™all, you wonâ€™t be disappointed!!! 
Tray47ABC, Fri Jan 22 23:54:22 +0000 2021, -75.600576, 38.360422, #Ravens announce that they have hired Rob Ryan as their new inside linebackers coach.Former Texans DC Anthony Weaâ€¦ https://t.co/K8Eu7K65bW 
amy_mcelhaney, Fri Jan 22 23:54:22 +0000 2021, -83.986413, 35.726182, Black jerseys &amp; Eric Berry #LaneTrain 
IrvinIsRad, Fri Jan 22 23:54:22 +0000 2021, -95.446486, 29.838495, These Bernie memes keep getting better hahaha 
JessePresgraves, Fri Jan 22 23:54:22 +0000 2021, -79.420865, 38.003376, @mumistarr I love seeing her videos. Even my son has watched some, so I guess I'm a bad person. She is very good atâ€¦ https://t.co/FJQQKHsnWN 
Tonynana101, Fri Jan 22 23:54:22 +0000 2021, -73.948775, 40.655138, @sweeetestkiller YASS 
PromoteHorror, Fri Jan 22 23:54:22 +0000 2021, -80.233328, 25.782353, Seasons Releases Their Single/Video "Killing Season" https://t.co/iyhN0Jxels 
camorris, Fri Jan 22 23:54:22 +0000 2021, -81.848860, 41.470205, In the Marine Corps the leadership ladder is training those who report to you to be ready to step in and replace yoâ€¦ https://t.co/M76ragW3gP 
Nearleft, Fri Jan 22 23:54:22 +0000 2021, -80.050263, 40.376241, @joncoopertweets Expulsion 
alooondra7, Fri Jan 22 23:54:22 +0000 2021, -117.397616, 33.935822, Lil panic attack ğŸ˜­ğŸ˜­ğŸ˜‚ 
ceelbe8, Fri Jan 22 23:54:23 +0000 2021, -86.270540, 45.001180, @SethAndrewsTTA It's good they have each other to play with ğŸ¥°ğŸ¥° 
DrBethMBorgen, Fri Jan 22 23:54:23 +0000 2021, -93.361321, 46.441861, @joncoopertweets Move their chair to a nearby parking garage without a bathroom. 
Susan56750244, Fri Jan 22 23:54:23 +0000 2021, -100.076888, 31.168893, @JennaEllisEsq @Sammy_Jr47 Im glad he's finally getting some peace , he worked hard for us ğŸ‡ºğŸ‡¸ 
Danielnbham, Fri Jan 22 23:54:23 +0000 2021, -86.964489, 33.376113, #meme #BernieSandersMittens #MittensForAll #changemymind https://t.co/FvRTPy2lQF 
Beefywhale, Fri Jan 22 23:54:23 +0000 2021, -87.732013, 41.833585, @DanCasey Simpsons? Hahahaha my parents thought Rugrats were to extreme 
dana_weber, Fri Jan 22 23:54:23 +0000 2021, -120.882482, 47.273022, Hiked up Mt Erie by #Anacortes to this gorgeous view on this absolutely stunning day #wawx @NWSSeattle @RandySmallâ€¦ https://t.co/HXNchtB5rp 
DaddySinFLA, Fri Jan 22 23:54:23 +0000 2021, -81.367773, 28.501678, @AlexisHealy_x Girls with a little something extra are the best ğŸ˜ 
TopVelocity, Fri Jan 22 23:54:23 +0000 2021, -90.131564, 30.473548, Get ready for TopVelocity Boca Raton Opening Camp is Feb 27th, 28th. Register now at https://t.co/NRigkPcB04â€¦ https://t.co/nwrxjG642D 
johnblair66, Fri Jan 22 23:54:23 +0000 2021, -110.044783, 46.679800, @rising_serpent @ingeallbeauty #waytogojoe 
tshroutjr, Fri Jan 22 23:54:23 +0000 2021, -118.411907, 34.020789, @DwyerRice Uum 
_suavee1, Fri Jan 22 23:54:23 +0000 2021, -119.782465, 36.786042, Solar, I got it.You need it? I got it. 
michaelkasdan, Fri Jan 22 23:54:23 +0000 2021, -74.267979, 40.736985, @RickGiolito @davidmackau @nytimes @wapo Same. 
CHHolte, Fri Jan 22 23:54:23 +0000 2021, -77.628242, 39.323107, @PennyPhilosophy @jimsciutto @NicolleDWallace The red flag went up with @KellyannePolls talking about "alternativeâ€¦ https://t.co/PiZJJielvv 
DaricCott, Fri Jan 22 23:54:23 +0000 2021, -118.411907, 34.020789, Done with class, got some freelance stuff done, submitted my podcast narrative pitches and got some updates on my mâ€¦ https://t.co/WXMqjNT8Hx 
polodre12, Fri Jan 22 23:54:24 +0000 2021, -84.266174, 30.476216, I gotta win at all cost 
acidqxeen, Fri Jan 22 23:54:24 +0000 2021, -116.274976, 32.407263, Hoy tomÃ© unas fotos para presentar nuestras bebidas de temporada ğŸ˜‹ğŸŒ¹âœ¨ espÃ©renlas maÃ±ana! https://t.co/mSMsy4mL2P 
DiorMe_J, Fri Jan 22 23:54:24 +0000 2021, -78.748399, 42.907207, Iâ€™m watching the rugrats movie with kai. The one they went to Paris and Iâ€™m just dying right now ğŸ˜‚ğŸ˜‚ cause tommy isâ€¦ https://t.co/idmLBqriLv 
Frances65403943, Fri Jan 22 23:54:24 +0000 2021, -80.926628, 33.631140, @DerenicByrd Russia knows whatâ€™s in her laptop. Why would they buy it? 
MIke_Dragich, Fri Jan 22 23:54:24 +0000 2021, -93.262046, 44.970610, @amymiller I make cold brew and I like to switch up my brand pretty regularly trying to support smaller brands 
morgdents, Fri Jan 22 23:54:24 +0000 2021, -89.744053, 43.462858, I spilled my Bella Goose Latte in my car this morning (I was irate) but now even after cleaning it, my car smells lâ€¦ https://t.co/MEQnqRQMmu 
TDavid_21, Fri Jan 22 23:54:24 +0000 2021, -91.525337, 39.795710, GBK: Mark Twain 52, Highland 47FINALTony Lenzini Consolation ChampEmma Ross 15 points, 8 rebounds, 3 steals Lâ€¦ https://t.co/DvZKO1D7yk 
djchancellor, Fri Jan 22 23:54:24 +0000 2021, -83.804475, 27.698682, Don't run out of buns when I want a sub . . . ğŸ˜‚ğŸ˜‚ğŸ˜‚ 
JennifferBC10, Fri Jan 22 23:54:24 +0000 2021, -81.425663, 28.361774, @DLasAmericas Gracias a Dios ğŸ™ğŸ» 
Boxboy1ST, Fri Jan 22 23:54:24 +0000 2021, -95.767395, 29.532056, Somebody call 9  1 ğŸ˜‚ğŸ¤£ 
_ZMartinez15, Fri Jan 22 23:54:25 +0000 2021, -85.058721, 33.039371, ğŸ˜‚ğŸ˜‚ğŸ˜‚ 
MissFeliz, Fri Jan 22 23:54:25 +0000 2021, -122.040430, 37.893667, @SenHawleyPress @HawleyMO Heâ€™s got to go too. #ByeFelicia 
EricCoughlin1, Fri Jan 22 23:54:25 +0000 2021, -83.099288, 42.352787, FINAL: @montwildcats 40, @ClinRedFball 14 
kushibo, Fri Jan 22 23:54:25 +0000 2021, -157.799589, 21.319944, @LloydAustin Thank you for your service, Sir!We have some endless wars that need ending. And the Pentagon needs auditing. 
MtgDeckCheck, Fri Jan 22 23:54:25 +0000 2021, -88.393439, 44.278243, @ghirapurigears Homebrewer magic formats, custom made cards I did as a kid, being a mtg creator on instagram. I got plenty 
baavri, Fri Jan 22 23:54:25 +0000 2021, -78.487448, 38.040036, Biden requires international travelers to quarantine upon arrival to US https://t.co/tMiLENqopT 
sgt_scorpion, Fri Jan 22 23:54:25 +0000 2021, -87.322169, 36.550984, I think I am going ğŸ’¯ McGregor tomorrow but is that really going to set me apart from the crowd? 
drbrain, Fri Jan 22 23:54:25 +0000 2021, -122.306704, 47.589022, @ThorntonGill @DeltaEchoKilo @SenatorCantwell @PeteButtigieg @USDOT Given your location is in England, I must ask iâ€¦ https://t.co/k6aVXfowhF 
allanmoraz, Fri Jan 22 23:54:25 +0000 2021, -83.804475, 27.698682, https://t.co/b4Xui0LvOc 
titomelega, Fri Jan 22 23:54:25 +0000 2021, -118.411907, 34.020789, @marcorubio I think the world agrees by now the only radicals in America are on the Right. 
anti_much, Fri Jan 22 23:54:25 +0000 2021, -80.167715, 26.062405, @PazPaz06486363 @DanielLMacy @DonaldJTrumpJr I guess you think he is not American because he looks a bit brown huh? 
KTJanePA, Fri Jan 22 23:54:26 +0000 2021, -76.255686, 36.895082, @Ortho_PA You sound like a kick-a$$ instructor. Brava to both of ya!! ğŸ™ŒğŸ¼ 
NoticiasNicole, Fri Jan 22 23:54:26 +0000 2021, -112.124676, 33.552863, Today marks my second year anniversary at Univision Arizona. Words will come short to express how grateful I am toâ€¦ https://t.co/rldSOG0mNm 
JBlascoNYC, Fri Jan 22 23:54:26 +0000 2021, -73.968542, 40.780709, Absolutely! Proud to be a District Leader who has endorsed @TahanieNYC for Manhattan DA! 
SarahJustice12, Fri Jan 22 23:54:26 +0000 2021, -104.922093, 39.713563, ğŸ¤š 
thefredcayden, Fri Jan 22 23:54:26 +0000 2021, -89.922029, 35.133521, Confirmed ğŸ˜…âœ… 
Rparksjr85, Fri Jan 22 23:54:26 +0000 2021, -79.420865, 38.003376, @ErinV1985 Youâ€™re about to be my girlfriend. Donâ€™t worry about what I said before. That was for these women that arâ€¦ https://t.co/eunmsE5uf1 
chip_sc, Fri Jan 22 23:54:26 +0000 2021, -81.096316, 29.289812, Now the public can see why MSM, Elites, RINOs, Dems, Central Bank all hated Trump so badly. Trump rob them of theirâ€¦ https://t.co/ZpdgPEJ62B 
_Flvckito, Fri Jan 22 23:54:26 +0000 2021, -106.026119, 34.166235, @charlesj_20 ğŸ˜‚ğŸ˜‚ 
tmj_or_sales, Fri Jan 22 23:54:26 +0000 2021, -124.224280, 43.406501, If you're looking for work in #NorthBend, OR, check out this #Sales job via the link in our bio: SALES FLOOR ASSOCIATE at Dollar Tree 
jonslarge, Fri Jan 22 23:54:26 +0000 2021, -112.124676, 33.552863, @JoeFreedomLove @gatewaypundit Do we have to put up with this dip shit for the next four years? 
nola_chic_, Fri Jan 22 23:54:26 +0000 2021, -92.061177, 30.206079, Fuck him and that overpriced store!!! 
tmj_MS_schn, Fri Jan 22 23:54:26 +0000 2021, -90.677369, 33.456098, This job is now open at Dollar General in #Indianola, MS. Follow us and turn on mobile alerts to hear about jobs liâ€¦ https://t.co/E0rZ78T3Tm 
thechubbfather, Fri Jan 22 23:54:26 +0000 2021, -86.830644, 33.220769, The Menu drops next Friday for the new food truck along w itâ€™s grand opening destination!!! https://t.co/SNwvtchH6W 
tmj_TN_secure, Fri Jan 22 23:54:27 +0000 2021, -90.048980, 35.149534, Nervous to apply for a job like "Campus Security Officer" at Allied Universal? Apply even if you're not a 100% matcâ€¦ https://t.co/UkAmUk14CB 
louziane, Fri Jan 22 23:54:27 +0000 2021, -118.411907, 34.020789, @emilyvgordon Lilâ€™ MRI 
asvpxtye, Fri Jan 22 23:54:27 +0000 2021, -96.961483, 32.863917, I just seen the dumbest tweet ever 
Andy4Clemson, Fri Jan 22 23:54:27 +0000 2021, -80.383523, 37.143200, @MCrizer25 Picking 2 up at same time. Wonder how that will go 
Ricochetbiscui1, Fri Jan 22 23:54:27 +0000 2021, -92.131274, 34.751936, Just read a profile of some self-important general of some sort that said he was striving to save civilization fromâ€¦ https://t.co/TvdhdF6HNg 
mwhittingtontv, Fri Jan 22 23:54:27 +0000 2021, -80.846785, 35.209059, @KPateNews Lol we need that and good gumbo too! 
Jennie56532658, Fri Jan 22 23:54:27 +0000 2021, -84.566209, 39.034821, I wish it was coming on now! 
kcszvk, Fri Jan 22 23:54:27 +0000 2021, -122.435979, 37.770657, @sensiblealtwit @MrBeastYT Es solo por delivery (estoy casi segura) Lo pedimos por uber eats! 
keelee231, Fri Jan 22 23:54:27 +0000 2021, -118.113076, 33.844650, https://t.co/iXfly44HD6Watson's standoff with the Texans is different from past power plays made by star players,â€¦ https://t.co/vMZZODkEns 
cbostick_, Fri Jan 22 23:54:28 +0000 2021, -75.226986, 43.119680, Oh my heart. Just received the most amazing Christmas present after the worst meeting this afternoon. Freaking incredible. ğŸ’™â™¥ï¸â¤ï¸ğŸ’• 
Vic_Gwooooddd, Fri Jan 22 23:54:28 +0000 2021, -118.411907, 34.020789, @kyoag ğŸ¤¡ğŸ¤¡ğŸ¤¡ğŸ¤¡ğŸ¤¡ğŸ¤¡ğŸ¤¡ğŸ¤¡ğŸ¤¡ğŸ¤¡ğŸ¤¡ğŸ¤¡ğŸ¤¡ğŸ¤¡ğŸ¤¡ğŸ¤¡ğŸ¤¡ğŸ¤¡ğŸ¤¡ğŸ¤¡ğŸ¤¡ğŸ¤¡ğŸ¤¡ğŸ¤¡ğŸ¤¡ğŸ¤¡ğŸ¤¡ğŸ¤¡ğŸ¤¡ğŸ¤¡ğŸ¤¡ğŸ¤¡ğŸ¤¡ğŸ¤¡ğŸ¤¡ğŸ¤¡ğŸ¤¡ğŸ¤¡ğŸ¤¡ğŸ¤¡ğŸ¤¡ğŸ¤¡ğŸ¤¡ğŸ¤¡ğŸ¤¡ğŸ¤¡ğŸ¤¡ğŸ¤¡ğŸ¤¡ğŸ¤¡ğŸ¤¡ğŸ¤¡ğŸ¤¡ğŸ¤¡ğŸ¤¡ğŸ¤¡ğŸ¤¡ğŸ¤¡ğŸ¤¡ğŸ¤¡ğŸ¤¡ğŸ¤¡ğŸ¤¡ğŸ¤¡ğŸ¤¡ğŸ¤¡ğŸ¤¡ğŸ¤¡ğŸ¤¡ğŸ¤¡ğŸ¤¡ğŸ¤¡ğŸ¤¡ğŸ¤¡ğŸ¤¡ğŸ¤¡ğŸ¤¡ğŸ¤¡ğŸ¤¡ğŸ¤¡ğŸ¤¡ğŸ¤¡ğŸ¤¡ğŸ¤¡ğŸ¤¡ğŸ¤¡ğŸ¤¡ğŸ¤¡ 
tkelley320, Fri Jan 22 23:54:28 +0000 2021, -93.292381, 37.051389, Nixa 8th grade boys lead Carver Middle School 39-2 at halftime! ğŸ€ğŸ¦… 
baylintrujillo, Fri Jan 22 23:54:28 +0000 2021, -81.367773, 28.501678, Congrats to my 1st ever QB Trainee: @Casey_StJohn3 (@BooneBraves - Class of 2022) for earning 1st team All Metro QBâ€¦ https://t.co/4yAjM2E1CF 
gasdigitalprod, Fri Jan 22 23:54:28 +0000 2021, -83.173867, 32.678207, Kohl Harris is one of the most basketball-minded players in the region. ğŸ€ Having  a stand out year with South Forâ€¦ https://t.co/44y8ptPcbg 
kam4ran, Fri Jan 22 23:54:28 +0000 2021, -78.837021, 35.756189, @YungTaylorSwift @ThatComona how r u gonna heat up the pan 
Ericdane81, Fri Jan 22 23:54:28 +0000 2021, -80.263517, 26.124507, ğŸ˜ https://t.co/v7i78fp7Jd 
BigChrizzle, Fri Jan 22 23:54:28 +0000 2021, -100.076888, 31.168893, Like they always say, "A hit dog will holler". Ijs #Racism 
CasaPawn, Fri Jan 22 23:54:28 +0000 2021, -110.961440, 32.278520, Just posted a photo @ CASA PAWN https://t.co/FUE64NcInU 
TheRevYouKnow, Fri Jan 22 23:54:28 +0000 2021, -81.367773, 28.501678, @DonaldJTrumpJr Oh fuck off, clownshoes. 
Adam_Heenan, Fri Jan 22 23:54:28 +0000 2021, -89.266508, 39.739300, If you still think #MedicareForAll is a fringe idea someone is -or maybe are- gaslighting you. 
KerrylynnBaker, Fri Jan 22 23:54:28 +0000 2021, -79.680000, 44.413300, ğŸ‡¨ğŸ‡¦â¤ï¸ğŸ‡¨ğŸ‡¦â¤ï¸ğŸ‡¨ğŸ‡¦â¤ï¸#crazy #cute #canadiangirl #bkats33 #ğŸ˜ˆ #ğŸ˜‡ #livelovelaugh #lmao #keepitreal #ğŸ’¯ @ Barrie, Ontario https://t.co/O8ZNVz4g6S 
andrewr44048438, Fri Jan 22 23:54:28 +0000 2021, -97.863458, 29.989242, @ryhkii @TheAceIO I want a key 
RonnieLauth, Fri Jan 22 23:54:28 +0000 2021, -73.948775, 40.655138, @moftherosa Youâ€™re so welcome ğŸ¥º 
MrB_Loves_Jesus, Fri Jan 22 23:54:28 +0000 2021, -95.692541, 29.559427, If you want to â€œget your steps,â€ teach preschool.  Venetia gets 10,000 easy every day. ğŸ˜³ 
sry_boutit, Fri Jan 22 23:54:28 +0000 2021, -122.330602, 47.614817, Black is King was a masterpiece 
WhosNisarg, Fri Jan 22 23:54:29 +0000 2021, -74.328959, 40.788061, @quilligan201311 @GovMurphy I only ask you to explain to further educate myself and mitigate any misunderstanding. 
JFA5150, Fri Jan 22 23:54:29 +0000 2021, -118.411907, 34.020789, @JordanVanDina I feel like that moment when youâ€™ve watched The Binge for the third time in a row and this idea pops in your head... 
Rixh_bastard, Fri Jan 22 23:54:29 +0000 2021, -86.611411, 34.706027, They freed my dawg..I can sleep a lil better tonight. 
wolf2point0, Fri Jan 22 23:54:29 +0000 2021, -84.515786, 33.846765, #AmericaOrTrump 
MocnyDebby, Fri Jan 22 23:54:29 +0000 2021, -75.770041, 42.746617, @thegamefreebies "Love" 
FordJohnathan5, Fri Jan 22 23:54:29 +0000 2021, -89.569491, 44.900818, @bebopnana @SenSanders ğŸ¤£ğŸ¤£ğŸ¤£ğŸ¤£ğŸ¤£ 
picklelarami, Fri Jan 22 23:54:29 +0000 2021, -98.716992, 35.309047, @kkendallleighh Are u gonna be 17 or 18 I canâ€™t remember 
emmyfaith99, Fri Jan 22 23:54:30 +0000 2021, -83.696619, 42.257636, Are you normal or do you have to go to a bookstore anytime you feel remotely lonely or bored just to reset 
grem_pls, Fri Jan 22 23:54:30 +0000 2021, -81.367773, 28.501678, @way2close2you2 MW oomf 
itstrevorstone, Fri Jan 22 23:54:30 +0000 2021, -122.699418, 38.343445, @choco_bit https://t.co/W9rWvZmpny 
snotboi, Fri Jan 22 23:54:30 +0000 2021, -112.050497, 41.178893, So we're gonna give money away... we're gonna spend money...were gonna waste money...this is a master plan for us aâ€¦ https://t.co/8PObrF5MhJ 
Jazzy__P, Fri Jan 22 23:54:30 +0000 2021, -77.712567, 43.162659, Nah this thread ğŸ˜­ 
Shepherdb1Bev, Fri Jan 22 23:54:30 +0000 2021, -95.446486, 29.838495, @CourthouseNews @cam_langford @KenPaxtonTX needs to resign and stop embarrassing Texans 
dmacmccarte, Fri Jan 22 23:54:30 +0000 2021, -122.630908, 45.536402, @LepapillonBlu I wish Gilda Radner were alive. 
TimmCa, Fri Jan 22 23:54:30 +0000 2021, -81.298126, 28.542105, Dios ayuda y zapateame del camino a la gente envidiosa ... ğŸ¤£ğŸ¤£ 
wkjfurlong, Fri Jan 22 23:54:30 +0000 2021, -87.958474, 41.796102, @ThatEricAlper One that still fits 
FrancesThaMute, Fri Jan 22 23:54:30 +0000 2021, -75.386460, 39.145024, ğŸ–¤ğŸ”¥https://t.co/OfvhZA1Uh2 
ferris516, Fri Jan 22 23:54:30 +0000 2021, -71.632298, 42.622432, ğŸ˜‚ 
Nell_247, Fri Jan 22 23:54:30 +0000 2021, -86.142922, 39.779562, @thatsjustroach What about the seal being broken ?? 
alove_1980, Fri Jan 22 23:54:30 +0000 2021, -89.814879, 35.230487, @Jesspolished @welpimback1 He can get by a train and I wou....NVM. ğŸ‘€ 
mgevaart, Fri Jan 22 23:54:30 +0000 2021, -85.170051, 41.086917, All my Congressional rep can do is act like the insurrection on 1/6/21 never happened. #SeditionCaucusâ€¦ https://t.co/jrw5W5ILLg 
ligia_author, Fri Jan 22 23:54:30 +0000 2021, -122.539070, 49.260204, @plantingwords I will for sure ğŸ˜Š 
BaconGbacon, Fri Jan 22 23:54:30 +0000 2021, -84.635862, 39.157053, @JackPosobiec America: https://t.co/aWXMWTcC0D 
JustMeKWR, Fri Jan 22 23:54:30 +0000 2021, -77.458990, 43.056600, @coachsdaughter5 {{{hugs}}} you got this ğŸ’ª 
DDianabelis, Fri Jan 22 23:54:31 +0000 2021, -71.421832, 41.817084, Retail therapy always works  ğŸ’• https://t.co/Dji1cdw9TS 
MarieCRosado1, Fri Jan 22 23:54:31 +0000 2021, -84.578994, 33.551151, The Dems tyranny certainly did not wait too long to show itself. Wow bravo ğŸ‘ https://t.co/0YwpZ6eehS 
prof2go, Fri Jan 22 23:54:31 +0000 2021, -79.272570, 43.629311, @docleslie @CPC_HQ Perhaps top dog NeoCons like @jkenney and the Toole could get one of their OILYgarch buddies toâ€¦ https://t.co/GNsGe50wpF 
vsexyrachelle, Fri Jan 22 23:54:31 +0000 2021, -100.076888, 31.168893, The best of both worlds ğŸ‘ğŸ†#sissy #cd #tranny @TSDollHouse @Travel4TG @TgirlPromo1 @Ma1e4fun @tshunter007â€¦ https://t.co/dEqU7LaMSL 
MugenCaesar, Fri Jan 22 23:54:31 +0000 2021, -72.545584, 42.113062, @MalzMonday what you think of my #science flow? ğŸ‘€ https://t.co/8OpOhFnN8f 
atticusown, Fri Jan 22 23:54:31 +0000 2021, -80.122619, 26.721896, @WPBF25News https://t.co/7ZrOmUotho 
AnthonyRetka, Fri Jan 22 23:54:31 +0000 2021, -83.099288, 42.352787, Shame on @JoeBiden / @POTUS for canceling the XL pipeline. 10,000 jobs, our American energy independence, and our râ€¦ https://t.co/jFficUuMzF 
CactuarAllStar, Fri Jan 22 23:54:31 +0000 2021, -122.201905, 47.680319, So xbox live went down at a rate of 20 to 1 vs psn and you are telling me xbox live is worth double? https://t.co/emjWKHafSs 
IssacEsson_23, Fri Jan 22 23:54:31 +0000 2021, -80.193600, 25.775100, Nell Beamen - â€œBirds Eyeâ€ | OUT NOW | Directed By @ieatvisualz | @ Miami, Florida https://t.co/Q863W4PVtK 
FiremanHokie, Fri Jan 22 23:54:31 +0000 2021, -83.804475, 27.698682, @Frodis_Caper Sorry Iâ€™m not going to take me or the school down that road. It doesnâ€™t work long term. Just look dowâ€¦ https://t.co/GkLAOf1Ica 
DrLisaFunnell, Fri Jan 22 23:54:31 +0000 2021, -97.445173, 35.222301, I am really digging the music on Cobra Kai! https://t.co/ERAp2jHS9J 
Paquout, Fri Jan 22 23:54:31 +0000 2021, -118.357262, 33.938236, iâ€™m 2 red bullâ€™s in on empty stomach shits about to get real tricky 
kt_marieee13, Fri Jan 22 23:54:32 +0000 2021, -73.968542, 40.780709, @kemangz donâ€™t worry iâ€™m just going to start pawning you off on all attractive men I meet have your best photos lined up to show them 
cait_gresta, Fri Jan 22 23:54:31 +0000 2021, -86.791549, 36.200008, Just finished the Julie and the Phantoms book, &amp; have the soundtrack on repeat still which makes me even more anxioâ€¦ https://t.co/wi0WUDu90u 
thatsnotarabbit, Fri Jan 22 23:54:32 +0000 2021, -94.634584, 38.986089, @DaCultured55 @itanimeirl Re:Monster 
miggiesmalls, Fri Jan 22 23:54:32 +0000 2021, -97.791211, 30.235720, doing my CSA pickup. feels good to be the number 1 veggies eater in Austin ğŸ˜Œ https://t.co/XM3mi0d6x3 
marixhs, Fri Jan 22 23:54:32 +0000 2021, -97.754724, 30.323346, so Iâ€™m at UT at the turtle pond right? and then I see trash by the pond ğŸ¤® ppl really need to stop littering the traâ€¦ https://t.co/2I3Edv1QDs 
o_gkilla, Fri Jan 22 23:54:32 +0000 2021, -74.724323, 40.073041, @__BubblyBunny I have insomnia. 
DreaVegas, Fri Jan 22 23:54:32 +0000 2021, -115.133373, 36.249124, @SaltyVegas ğŸ¤£ğŸ¤£ğŸ¤£ salty 
TrojanBaskets, Fri Jan 22 23:54:32 +0000 2021, -86.091296, 41.300795, John Glenn 51 Triton 37end of 3rdVarsity Boys Bi-County Semihttps://t.co/60r9t2DAuv 
Lobstabred, Fri Jan 22 23:54:32 +0000 2021, -72.451172, 43.871757, @DirtyMike_011 @IanMBrowne No worries. And youâ€™re right, defense is going to be a premium this year with an uncertain rotation. 
Farris_actual, Fri Jan 22 23:54:33 +0000 2021, -100.076888, 31.168893, @DavidRo09189271 @MayorAdler @GregCasar @mkelly007 @AustinCityMgr Unbelievable 
CarlJoeWilliams, Fri Jan 22 23:54:33 +0000 2021, -81.658370, 30.329270, Just posted a photo @ MOCA Jacksonville https://t.co/IGOapcgoBV 
skatermarco8, Fri Jan 22 23:54:33 +0000 2021, -118.203481, 33.999766, Please let this weekend be the best ğŸ™ğŸ½ğŸ’¯only positive energy ya digğŸ—£ğŸ’¯ 
hiccupasterisk, Fri Jan 22 23:54:33 +0000 2021, -95.065376, 29.456615, @dolphincatcher @MoodAdjuster Don't be rude :/ 
BrianSi58091784, Fri Jan 22 23:54:33 +0000 2021, -112.004805, 41.315683, @Pirate_Hooker81 Happy Birthday Beautiful https://t.co/UCFeroNjKs 
MinedMatter, Fri Jan 22 23:54:33 +0000 2021, -115.223125, 36.232915, Listen, Iâ€™m up front about toxicity. So donâ€™t throw it in my face later. Iâ€™ve already warned you. 
kimmie_c_, Fri Jan 22 23:54:33 +0000 2021, -85.978600, 35.830522, @AnnaDsays @Poison Thank you! ğŸ˜˜ 
maverikk92, Fri Jan 22 23:54:33 +0000 2021, -87.732013, 41.833585, ğŸ˜­ğŸ˜­ğŸ˜­ biggest mistake of my life . You live &amp; you learn ğŸ’¯ 
GenieReal, Fri Jan 22 23:54:33 +0000 2021, -100.076888, 31.168893, @sksmg54 @1lucyhannah Amen Sister ğŸ™ 
latayadabney, Fri Jan 22 23:54:34 +0000 2021, -80.846785, 35.209059, @booksnbluntss mad as shit ğŸ¤£ğŸ¤£ğŸ¤£ğŸ¤£ğŸ¤£ğŸ¤£ğŸ¤£ğŸ¤£ 
imperfect_words, Fri Jan 22 23:54:34 +0000 2021, -87.896835, 42.883274, https://t.co/900vmkhBbA 
CharlesBallaro, Fri Jan 22 23:54:34 +0000 2021, -82.051877, 26.907599, Halftime: Charlotte 19, Cardinal Mooney 19. Olivia Davis and Kennedy McClain had 7 for Cougars.  Bella Desjardins lâ€¦ https://t.co/th0YfmvbM5 
AnuFlavored, Fri Jan 22 23:54:34 +0000 2021, -84.352444, 33.943457, Now yall set yall selves up. 
johnmcgillivra9, Fri Jan 22 23:54:34 +0000 2021, -71.497913, 41.557321, @NoShirtFlipFlop Really well ur pretty already but r u drinking lol hot sexy man 
TheMightyChloeC, Fri Jan 22 23:54:34 +0000 2021, -80.286036, 40.861815, @FeministaFiesty @RT_sessiongirls I also know some guys who will want custom videos from us if we get together ğŸ˜ƒ 
Austin_Woodall, Fri Jan 22 23:54:34 +0000 2021, -81.821611, 30.163618, All my friends are in Colorado right now skiing â›·â˜¹ï¸ 
ElditaG, Fri Jan 22 23:54:34 +0000 2021, -81.547332, 28.480712, @JessGabrielGom2 @Marietre2 Usted deje la curiosidad ğŸ¤ 
djchancellor, Fri Jan 22 23:54:34 +0000 2021, -83.804475, 27.698682, That was my dinner plan . . . Now what . . . 
SPRobinson22, Fri Jan 22 23:54:35 +0000 2021, -89.536857, 43.317041, @SethAbramson @Leftup2us Whoa 
DemographicDoom, Fri Jan 22 23:54:35 +0000 2021, -80.517356, 25.019604, @juliagalef @elfprince13 There is no free will. 
EllenFinley19, Fri Jan 22 23:54:35 +0000 2021, -89.266508, 39.739300, @PerezEd I hope u saw my tweet about hammering Hank. RIP 
daultonm_, Fri Jan 22 23:54:35 +0000 2021, -104.922093, 39.713563, Fucking moron. 
CharlieMcManus9, Fri Jan 22 23:54:35 +0000 2021, -77.014398, 38.898603, @hurricane36min @Capitals Had to get a special dispensation for it to happen. 
PeggySemingson, Fri Jan 22 23:54:35 +0000 2021, -97.134208, 32.844933, Coffee from @utarlington office of development! @UTAPrezLim @salterbroscoff1 https://t.co/ZhQhxxV9aF 
highflight53, Fri Jan 22 23:54:35 +0000 2021, -118.918886, 34.188478, @cov_Gretchen That's a sweet thoughtâ¤â¤ 
KingCam79, Fri Jan 22 23:54:35 +0000 2021, -73.849441, 40.850347, Why am I cracking up at this? ğŸ¤£ğŸ¤£ğŸ¤£ 
kooldudedomo, Fri Jan 22 23:54:35 +0000 2021, -80.233328, 25.782353, Quick weekend trip https://t.co/CgCI1Eet0p 
PatrickSprunger, Fri Jan 22 23:54:35 +0000 2021, -87.533406, 33.196601, @greg_bedwell Yes. Framers canâ€™t have imagined the differential between residents of a WY &amp; CA. Or have imagined 16â€¦ https://t.co/3nnJ8pepes 
paulbraren, Fri Jan 22 23:54:35 +0000 2021, -72.662770, 41.699325, Interesting pie graphs#Optane 
ForHileman, Fri Jan 22 23:54:35 +0000 2021, -122.435979, 37.770657, Iâ€™ll be volunteering at a local houseless shelter sometime within the next week or so. Super excited to help! â¤ï¸âœ¨ 
Sommar, Fri Jan 22 23:54:36 +0000 2021, -116.238001, 43.598033, @SethAbramson Take your time my peeps. 
terranaomi, Fri Jan 22 23:54:36 +0000 2021, -118.411907, 34.020789, Thanks @RTPMusicBlog and @ROCassataMusic for adding â€œThe Times They Are a-Changinâ€™â€ to this beautiful playlist! â™¥ï¸ğŸŒˆâ€¦ https://t.co/eozc1NnRXy 
BrendaHazelhur1, Fri Jan 22 23:54:36 +0000 2021, -83.804475, 27.698682, Disgusting shameful criminal 
jeffyadar, Fri Jan 22 23:54:36 +0000 2021, -122.435979, 37.770657, ...didnâ€™t Andrew Yang leave? 
kaifpardhan, Fri Jan 22 23:54:36 +0000 2021, -79.272570, 43.629311, @SarrahML @hartleyjafine @TChanMD @TamaraMcColl @TWawrykow @CAEP_Wellness @caepstudent @CAEP_Docs Jeopardy!!! We usâ€¦ https://t.co/gBDBo3enFQ 
Jay4Three, Fri Jan 22 23:54:36 +0000 2021, -111.737566, 33.405755, https://t.co/bHS2Ws4YbF 
tmj_bna_pharm, Fri Jan 22 23:54:36 +0000 2021, -86.782777, 36.033116, Join the Labcorp team! See our latest #Pharmaceutical job openings, including "Cytogenetic Technologist (FISH)", viâ€¦ https://t.co/qT4yxCTvD7 
tmj_sac_manuf, Fri Jan 22 23:54:36 +0000 2021, -121.565888, 38.562846, Dollar General Perishable is looking for teammates like you. See our latest Manufacturing job openings, including "â€¦ https://t.co/GtcZhV2QW8 
tmj_lax_art, Fri Jan 22 23:54:36 +0000 2021, -118.255075, 34.142508, Nervous to apply for a job like "DreamWorks TV - Visual Development Artist" at DreamWorks? Apply even if you're notâ€¦ https://t.co/kydqOYA2wW 
clwriter47, Fri Jan 22 23:54:36 +0000 2021, -118.411907, 34.020789, @dhiggins63 @JoeBiden Well if you watch CNN and MSNBC and actually believe their nonsense, yeah I guess you can beâ€¦ https://t.co/hWtreU3mdZ 
